CREATE TABLE `box` (
  `id_box` int NOT NULL,
  `no_box` varchar(100) NOT NULL,
  `weight` int NOT NULL,
  `sloc` varchar(120) NOT NULL,
  `crtdt` varchar(128) NOT NULL,
  `crtby` varchar(128) NOT NULL,
  `upddt` varchar(128) NOT NULL,
  `updby` varchar(128) NOT NULL
);


INSERT INTO `box` (`id_box`, `no_box`, `weight`, `sloc`, `crtdt`, `crtby`, `upddt`, `updby`) VALUES
(1, 'B/2024-05/04', 500, '66', '2024-05-19 18:20:45', 'Prime', '', ''),
(2, 'B/2024-05/04', 500, '260', '2024-05-19 18:22:04', 'Prime', '', ''),
(3, 'B/2024-05/04', 300, '421', '2024-05-19 18:22:33', 'Prime', '', ''),
(4, 'B/2024-05/04', 300, '116', '2024-05-19 18:23:53', 'Prime', '', ''),
(5, 'B/2024-05/04', 300, '59', '2024-05-19 19:16:51', 'Prime', '', ''),
(6, 'B/2024-05/04', 400, '1', '2024-05-19 21:52:57', 'Prime', '', ''),
(7, 'B/2024-05/04', 514, '1', '2024-05-19 22:10:30', 'Prime', '', '');


CREATE TABLE `box_detail` (
  `id_box_detail` int NOT NULL,
  `id_box` int NOT NULL,
  `id_material` varchar(128) NOT NULL,
  `material_desc` varchar(128) NOT NULL,
  `crtdt` varchar(128) NOT NULL,
  `crtby` varchar(128) NOT NULL,
  `uptdt` varchar(128) NOT NULL,
  `uptby` varchar(128) NOT NULL
);



INSERT INTO `box_detail` (`id_box_detail`, `id_box`, `id_material`, `material_desc`, `crtdt`, `crtby`, `uptdt`, `uptby`) VALUES
(1, 1, 'A0002725457', 'ALT KAPPA 3CYL BR2 TG9 ,M/BOLT,04626', '2024-05-19 18:20:45', 'Prime', '', ''),
(2, 1, 'TM303C01604', 'S/ROLLER ASS\'Y.E-4100', '2024-05-19 18:20:45', 'Prime', '', ''),
(3, 2, 'A0002725457', 'ALT KAPPA 3CYL BR2 TG9 ,M/BOLT,04626', '2024-05-19 18:22:04', 'Prime', '', ''),
(4, 2, 'G4022610456', 'F/BRACKET M/C.A2 TG9', '2024-05-19 18:22:04', 'Prime', '', ''),
(5, 2, 'TM303C01103', 'S/ROLLER ASS\'Y.MELROE', '2024-05-19 18:22:04', 'Prime', '', ''),
(6, 3, '3EM0613', 'ARM ASS\'Y.15TON', '2024-05-19 18:22:33', 'Prime', '', ''),
(7, 4, '3EM0613', 'ARM ASS\'Y.15TON', '2024-05-19 18:23:53', 'Prime', '', ''),
(8, 4, 'A0002725457', 'ARM ASS\'Y.15TON', '2024-05-19 18:23:53', 'Prime', '', ''),
(9, 5, '616108', 'ALT. BOBCAT V2607. 13.5V 90A TG9.V/SERVI', '2024-05-19 19:16:51', 'Prime', '', ''),
(10, 6, 'TM303C01103', 'S/ROLLER ASS\'Y.MELROE', '2024-05-19 21:52:57', 'Prime', '', ''),
(11, 6, 'M302C0031', 'S/ROLLER ASS\'Y.MELROE', '2024-05-19 21:52:57', 'Prime', '', ''),
(12, 7, 'TM303C01103', 'S/ROLLER ASS\'Y.MELROE', '2024-05-19 22:10:30', 'Prime', '', ''),
(13, 7, 'K504101', 'S/ROLLER ASS\'Y.MELROE', '2024-05-19 22:10:30', 'Prime', '', '');



CREATE TABLE `list_storage` (
  `id` int NOT NULL,
  `product_id` varchar(20) NOT NULL,
  `material_desc` varchar(100) NOT NULL,
  `sloc` varchar(100) NOT NULL,
  `uom` varchar(100) DEFAULT NULL,
  `total_qty` int NOT NULL,
  `id_box` int NOT NULL,
  `created_by` int DEFAULT NULL,
  `created_at` timestamp NULL DEFAULT NULL
);



INSERT INTO `list_storage` (`id`, `product_id`, `material_desc`, `sloc`, `uom`, `total_qty`, `id_box`, `created_by`, `created_at`) VALUES
(1, 'A0002725457', 'ALT KAPPA 3CYL BR2 TG9 ,M/BOLT,04626', '66', NULL, 200, 1, 0, '2024-05-19 11:20:45'),
(2, 'TM303C01604', 'S/ROLLER ASS\'Y.E-4100', '66', NULL, 200, 1, 0, '2024-05-19 11:20:45'),
(3, 'A0002725457', 'ALT KAPPA 3CYL BR2 TG9 ,M/BOLT,04626', '260', NULL, 300, 2, 0, '2024-05-19 11:22:04'),
(4, 'G4022610456', 'F/BRACKET M/C.A2 TG9', '260', NULL, 200, 2, 0, '2024-05-19 11:22:04'),
(5, 'TM303C01103', 'S/ROLLER ASS\'Y.MELROE', '260', NULL, 100, 2, 0, '2024-05-19 11:22:04'),
(6, '3EM0613', 'ARM ASS\'Y.15TON', '421', NULL, 250, 3, 0, '2024-05-19 11:22:33'),
(7, '3EM0613', 'ARM ASS\'Y.15TON', '116', NULL, 100, 4, 0, '2024-05-19 11:23:53'),
(8, 'A0002725457', 'ARM ASS\'Y.15TON', '116', NULL, 150, 4, 0, '2024-05-19 11:23:53'),
(9, '616108', 'ALT. BOBCAT V2607. 13.5V 90A TG9.V/SERVI', '59', NULL, 300, 5, 0, '2024-05-19 12:16:51'),
(10, 'TM303C01103', 'S/ROLLER ASS\'Y.MELROE', '1', 'PC', 900, 6, 0, '2024-05-19 14:52:57'),
(11, 'M302C0031', 'S/ROLLER ASS\'Y.MELROE', '1', 'PC', 300, 6, 0, '2024-05-19 14:52:57'),
(12, 'TM303C01103', 'S/ROLLER ASS\'Y.MELROE', '1', 'PC', 500, 7, 0, '2024-05-19 15:10:30'),
(13, 'K504101', 'S/ROLLER ASS\'Y.MELROE', '1', 'PC', 200, 7, 0, '2024-05-19 15:10:30');


CREATE TABLE `receiving_material` (
  `id` int NOT NULL,
  `id_box` int NOT NULL,
  `reference_number` varchar(100) NOT NULL,
  `material` varchar(100) NOT NULL,
  `qty` int NOT NULL,
  `uom` varchar(100) NOT NULL,
  `receiving_date` date DEFAULT NULL,
  `s_loc` varchar(10) DEFAULT NULL,
  `barcode` varchar(100) DEFAULT NULL,
  `created_by` int DEFAULT NULL,
  `created_at` timestamp NULL DEFAULT NULL,
  `updated_by` int DEFAULT NULL,
  `updated_at` timestamp NULL DEFAULT NULL
);


INSERT INTO `receiving_material` (`id`, `id_box`, `reference_number`, `material`, `qty`, `uom`, `receiving_date`, `s_loc`, `barcode`, `created_by`, `created_at`, `updated_by`, `updated_at`) VALUES
(1, 1, 'A0002725457', 'ALT KAPPA 3CYL BR2 TG9 ,M/BOLT,04626', 200, 'PC', '2024-05-19', '66', 'B/2024-05/04', 0, '2024-05-19 11:20:45', NULL, NULL),
(2, 1, 'TM303C01604', 'S/ROLLER ASS\'Y.E-4100', 200, 'PC', '2024-05-19', '66', 'B/2024-05/04', 0, '2024-05-19 11:20:45', NULL, NULL),
(3, 2, 'A0002725457', 'ALT KAPPA 3CYL BR2 TG9 ,M/BOLT,04626', 300, 'PC', '2024-05-19', '260', 'B/2024-05/04', 0, '2024-05-19 11:22:04', NULL, NULL),
(4, 2, 'G4022610456', 'F/BRACKET M/C.A2 TG9', 200, 'PC', '2024-05-19', '260', 'B/2024-05/04', 0, '2024-05-19 11:22:04', NULL, NULL),
(5, 2, 'TM303C01103', 'S/ROLLER ASS\'Y.MELROE', 100, 'PC', '2024-05-19', '260', 'B/2024-05/04', 0, '2024-05-19 11:22:04', NULL, NULL),
(6, 3, '3EM0613', 'ARM ASS\'Y.15TON', 250, 'PC', '2024-05-19', '421', 'B/2024-05/04', 0, '2024-05-19 11:22:33', NULL, NULL),
(7, 4, '3EM0613', 'ARM ASS\'Y.15TON', 100, 'PC', '2024-05-19', '116', 'B/2024-05/04', 0, '2024-05-19 11:23:53', NULL, NULL),
(8, 4, 'A0002725457', 'ARM ASS\'Y.15TON', 150, 'PC', '2024-05-19', '116', 'B/2024-05/04', 0, '2024-05-19 11:23:53', NULL, NULL),
(9, 5, '616108', 'ALT. BOBCAT V2607. 13.5V 90A TG9.V/SERVI', 300, 'PC', '2024-05-19', '59', 'B/2024-05/04', 0, '2024-05-19 12:16:51', NULL, NULL),
(10, 6, 'TM303C01103', 'S/ROLLER ASS\'Y.MELROE', 900, 'PC', '2024-05-19', '1', 'B/2024-05/04', 0, '2024-05-19 14:52:57', NULL, NULL),
(11, 6, 'M302C0031', 'S/ROLLER ASS\'Y.MELROE', 300, 'PC', '2024-05-19', '1', 'B/2024-05/04', 0, '2024-05-19 14:52:57', NULL, NULL),
(12, 7, 'TM303C01103', 'S/ROLLER ASS\'Y.MELROE', 500, 'PC', '2024-05-19', '1', 'B/2024-05/04', 0, '2024-05-19 15:10:30', NULL, NULL),
(13, 7, 'K504101', 'S/ROLLER ASS\'Y.MELROE', 200, 'PC', '2024-05-17', '1', 'B/2024-05/04', 0, '2024-05-19 15:10:30', NULL, NULL);


CREATE TABLE `receiving_material_temp` (
  `id` int NOT NULL,
  `reference_number` varchar(50) NOT NULL,
  `material_desc` varchar(100) NOT NULL,
  `receiving_date` date DEFAULT NULL,
  `qty` int NOT NULL,
  `uom` varchar(10) NOT NULL,
  `created_at` timestamp NOT NULL DEFAULT CURRENT_TIMESTAMP ON UPDATE CURRENT_TIMESTAMP,
  `updated_at` timestamp NULL DEFAULT NULL
);


CREATE TABLE `storage` (
  `Id_storage` int NOT NULL,
  `Rack` varchar(30) CHARACTER SET utf8mb4 COLLATE utf8mb4_unicode_ci NOT NULL,
  `SLoc` varchar(30) CHARACTER SET utf8mb4 COLLATE utf8mb4_unicode_ci NOT NULL,
  `Loads` varchar(255) CHARACTER SET utf8mb4 COLLATE utf8mb4_unicode_ci DEFAULT NULL,
  `Crtdt` varchar(128) CHARACTER SET utf8mb4 COLLATE utf8mb4_unicode_ci NOT NULL,
  `Crtby` varchar(128) CHARACTER SET utf8mb4 COLLATE utf8mb4_unicode_ci NOT NULL,
  `Upddt` varchar(128) CHARACTER SET utf8mb4 COLLATE utf8mb4_unicode_ci NOT NULL,
  `Updby` varchar(128) CHARACTER SET utf8mb4 COLLATE utf8mb4_unicode_ci NOT NULL,
  `min_loads` int NOT NULL,
  `max_loads` int NOT NULL DEFAULT '500'
); 


INSERT INTO `storage` (`Id_storage`, `Rack`, `SLoc`, `Loads`, `Crtdt`, `Crtby`, `Upddt`, `Updby`, `min_loads`, `max_loads`) VALUES
(1, 'A', 'A-01-01', '> 500 Kg', '2024-05-10 10:00', 'System', '2024-05-10 10:00', 'System', 501, 1000),
(2, 'A', 'A-01-02', '> 500 Kg', '2024-05-10 10:00', 'System', '2024-05-10 10:00', 'System', 501, 1000),
(3, 'A', 'A-01-03', '> 500 Kg', '2024-05-10 10:00', 'System', '2024-05-10 10:00', 'System', 0, 500),
(4, 'A', 'A-01-04', '> 500 Kg', '2024-05-10 10:00', 'System', '2024-05-10 10:00', 'System', 0, 500),
(5, 'A', 'A-01-05', '> 500 Kg', '2024-05-10 10:00', 'System', '2024-05-10 10:00', 'System', 0, 500),
(6, 'A', 'A-01-06', '> 500 Kg', '2024-05-10 10:00', 'System', '2024-05-10 10:00', 'System', 0, 500),
(7, 'A', 'A-01-07', '> 500 Kg', '2024-05-10 10:00', 'System', '2024-05-10 10:00', 'System', 0, 500),
(8, 'A', 'A-01-08', '> 500 Kg', '2024-05-10 10:00', 'System', '2024-05-10 10:00', 'System', 0, 500),
(9, 'A', 'A-01-09', '> 500 Kg', '2024-05-10 10:00', 'System', '2024-05-10 10:00', 'System', 0, 500),
(10, 'A', 'A-01-10', '> 500 Kg', '2024-05-10 10:00', 'System', '2024-05-10 10:00', 'System', 0, 500),
(11, 'A', 'A-01-11', '> 500 Kg', '2024-05-10 10:00', 'System', '2024-05-10 10:00', 'System', 0, 500),
(12, 'A', 'A-01-12', '> 500 Kg', '2024-05-10 10:00', 'System', '2024-05-10 10:00', 'System', 0, 500),
(13, 'A', 'A-01-13', '> 500 Kg', '2024-05-10 10:00', 'System', '2024-05-10 10:00', 'System', 0, 500),
(14, 'A', 'A-01-14', '> 500 Kg', '2024-05-10 10:00', 'System', '2024-05-10 10:00', 'System', 0, 500),
(15, 'A', 'A-01-15', '> 500 Kg', '2024-05-10 10:00', 'System', '2024-05-10 10:00', 'System', 0, 500),
(16, 'A', 'A-01-16', '> 500 Kg', '2024-05-10 10:00', 'System', '2024-05-10 10:00', 'System', 0, 500),
(17, 'A', 'A-01-17', '> 500 Kg', '2024-05-10 10:00', 'System', '2024-05-10 10:00', 'System', 0, 500),
(18, 'A', 'A-01-18', '> 500 Kg', '2024-05-10 10:00', 'System', '2024-05-10 10:00', 'System', 0, 500),
(19, 'A', 'A-01-19', '> 500 Kg', '2024-05-10 10:00', 'System', '2024-05-10 10:00', 'System', 0, 500),
(20, 'A', 'A-02-01', '> 300 Kg ? 500 Kg', '2024-05-10 10:00', 'System', '2024-05-10 10:00', 'System', 301, 500),
(21, 'A', 'A-02-02', '> 300 Kg ? 500 Kg', '2024-05-10 10:00', 'System', '2024-05-10 10:00', 'System', 0, 300),
(22, 'A', 'A-02-03', '> 300 Kg ? 500 Kg', '2024-05-10 10:00', 'System', '2024-05-10 10:00', 'System', 0, 300),
(23, 'A', 'A-02-04', '> 300 Kg ? 500 Kg', '2024-05-10 10:00', 'System', '2024-05-10 10:00', 'System', 0, 300),
(24, 'A', 'A-02-05', '> 300 Kg ? 500 Kg', '2024-05-10 10:00', 'System', '2024-05-10 10:00', 'System', 0, 300),
(25, 'A', 'A-02-06', '> 300 Kg ? 500 Kg', '2024-05-10 10:00', 'System', '2024-05-10 10:00', 'System', 0, 300),
(26, 'A', 'A-02-07', '> 300 Kg ? 500 Kg', '2024-05-10 10:00', 'System', '2024-05-10 10:00', 'System', 0, 300),
(27, 'A', 'A-02-08', '> 300 Kg ? 500 Kg', '2024-05-10 10:00', 'System', '2024-05-10 10:00', 'System', 0, 300),
(28, 'A', 'A-02-09', '> 300 Kg ? 500 Kg', '2024-05-10 10:00', 'System', '2024-05-10 10:00', 'System', 0, 300),
(29, 'A', 'A-02-10', '> 300 Kg ? 500 Kg', '2024-05-10 10:00', 'System', '2024-05-10 10:00', 'System', 0, 300),
(30, 'A', 'A-02-11', '> 300 Kg ? 500 Kg', '2024-05-10 10:00', 'System', '2024-05-10 10:00', 'System', 0, 300),
(31, 'A', 'A-02-12', '> 300 Kg ? 500 Kg', '2024-05-10 10:00', 'System', '2024-05-10 10:00', 'System', 0, 300),
(32, 'A', 'A-02-13', '> 300 Kg ? 500 Kg', '2024-05-10 10:00', 'System', '2024-05-10 10:00', 'System', 0, 300),
(33, 'A', 'A-02-14', '> 300 Kg ? 500 Kg', '2024-05-10 10:00', 'System', '2024-05-10 10:00', 'System', 0, 300),
(34, 'A', 'A-02-15', '> 300 Kg ? 500 Kg', '2024-05-10 10:00', 'System', '2024-05-10 10:00', 'System', 0, 300),
(35, 'A', 'A-02-16', '> 300 Kg ? 500 Kg', '2024-05-10 10:00', 'System', '2024-05-10 10:00', 'System', 0, 300),
(36, 'A', 'A-02-17', '> 300 Kg ? 500 Kg', '2024-05-10 10:00', 'System', '2024-05-10 10:00', 'System', 0, 300),
(37, 'A', 'A-02-18', '> 300 Kg ? 500 Kg', '2024-05-10 10:00', 'System', '2024-05-10 10:00', 'System', 0, 300),
(38, 'A', 'A-02-19', '> 300 Kg ? 500 Kg', '2024-05-10 10:00', 'System', '2024-05-10 10:00', 'System', 0, 300),
(39, 'A', 'A-03-01', '> 300 Kg ? 500 Kg', '2024-05-10 10:00', 'System', '2024-05-10 10:00', 'System', 0, 300),
(40, 'A', 'A-03-02', '> 300 Kg ? 500 Kg', '2024-05-10 10:00', 'System', '2024-05-10 10:00', 'System', 0, 300),
(41, 'A', 'A-03-03', '> 300 Kg ? 500 Kg', '2024-05-10 10:00', 'System', '2024-05-10 10:00', 'System', 0, 300),
(42, 'A', 'A-03-04', '> 300 Kg ? 500 Kg', '2024-05-10 10:00', 'System', '2024-05-10 10:00', 'System', 0, 300),
(43, 'A', 'A-03-05', '> 300 Kg ? 500 Kg', '2024-05-10 10:00', 'System', '2024-05-10 10:00', 'System', 0, 300),
(44, 'A', 'A-03-06', '> 300 Kg ? 500 Kg', '2024-05-10 10:00', 'System', '2024-05-10 10:00', 'System', 0, 300),
(45, 'A', 'A-03-07', '> 300 Kg ? 500 Kg', '2024-05-10 10:00', 'System', '2024-05-10 10:00', 'System', 0, 300),
(46, 'A', 'A-03-08', '> 300 Kg ? 500 Kg', '2024-05-10 10:00', 'System', '2024-05-10 10:00', 'System', 0, 300),
(47, 'A', 'A-03-09', '> 300 Kg ? 500 Kg', '2024-05-10 10:00', 'System', '2024-05-10 10:00', 'System', 0, 300),
(48, 'A', 'A-03-10', '> 300 Kg ? 500 Kg', '2024-05-10 10:00', 'System', '2024-05-10 10:00', 'System', 0, 300),
(49, 'A', 'A-03-11', '> 300 Kg ? 500 Kg', '2024-05-10 10:00', 'System', '2024-05-10 10:00', 'System', 0, 300),
(50, 'A', 'A-03-12', '> 300 Kg ? 500 Kg', '2024-05-10 10:00', 'System', '2024-05-10 10:00', 'System', 0, 300),
(51, 'A', 'A-03-13', '> 300 Kg ? 500 Kg', '2024-05-10 10:00', 'System', '2024-05-10 10:00', 'System', 0, 300),
(52, 'A', 'A-03-14', '> 300 Kg ? 500 Kg', '2024-05-10 10:00', 'System', '2024-05-10 10:00', 'System', 0, 300),
(53, 'A', 'A-03-15', '> 300 Kg ? 500 Kg', '2024-05-10 10:00', 'System', '2024-05-10 10:00', 'System', 0, 300),
(54, 'A', 'A-03-16', '> 300 Kg ? 500 Kg', '2024-05-10 10:00', 'System', '2024-05-10 10:00', 'System', 0, 300),
(55, 'A', 'A-03-17', '> 300 Kg ? 500 Kg', '2024-05-10 10:00', 'System', '2024-05-10 10:00', 'System', 0, 300),
(56, 'A', 'A-03-18', '> 300 Kg ? 500 Kg', '2024-05-10 10:00', 'System', '2024-05-10 10:00', 'System', 0, 300),
(57, 'A', 'A-03-19', '> 300 Kg ? 500 Kg', '2024-05-10 10:00', 'System', '2024-05-10 10:00', 'System', 0, 300),
(58, 'A', 'A-04-01', '? 300 Kg', '2024-05-10 10:00', 'System', '2024-05-10 10:00', 'System', 0, 500),
(59, 'A', 'A-04-02', '? 300 Kg', '2024-05-10 10:00', 'System', '2024-05-10 10:00', 'System', 0, 500),
(60, 'A', 'A-04-03', '? 300 Kg', '2024-05-10 10:00', 'System', '2024-05-10 10:00', 'System', 0, 500),
(61, 'A', 'A-04-04', '? 300 Kg', '2024-05-10 10:00', 'System', '2024-05-10 10:00', 'System', 0, 500),
(62, 'A', 'A-04-05', '? 300 Kg', '2024-05-10 10:00', 'System', '2024-05-10 10:00', 'System', 0, 500),
(63, 'A', 'A-04-06', '? 300 Kg', '2024-05-10 10:00', 'System', '2024-05-10 10:00', 'System', 0, 500),
(64, 'A', 'A-04-07', '? 300 Kg', '2024-05-10 10:00', 'System', '2024-05-10 10:00', 'System', 0, 500),
(65, 'A', 'A-04-08', '? 300 Kg', '2024-05-10 10:00', 'System', '2024-05-10 10:00', 'System', 0, 500),
(66, 'A', 'A-04-09', '? 300 Kg', '2024-05-10 10:00', 'System', '2024-05-10 10:00', 'System', 0, 500),
(67, 'A', 'A-04-10', '? 300 Kg', '2024-05-10 10:00', 'System', '2024-05-10 10:00', 'System', 0, 500),
(68, 'A', 'A-04-11', '? 300 Kg', '2024-05-10 10:00', 'System', '2024-05-10 10:00', 'System', 0, 500),
(69, 'A', 'A-04-12', '? 300 Kg', '2024-05-10 10:00', 'System', '2024-05-10 10:00', 'System', 0, 500),
(70, 'A', 'A-04-13', '? 300 Kg', '2024-05-10 10:00', 'System', '2024-05-10 10:00', 'System', 0, 500),
(71, 'A', 'A-04-14', '? 300 Kg', '2024-05-10 10:00', 'System', '2024-05-10 10:00', 'System', 0, 500),
(72, 'A', 'A-04-15', '? 300 Kg', '2024-05-10 10:00', 'System', '2024-05-10 10:00', 'System', 0, 500),
(73, 'A', 'A-04-16', '? 300 Kg', '2024-05-10 10:00', 'System', '2024-05-10 10:00', 'System', 0, 500),
(74, 'A', 'A-04-17', '? 300 Kg', '2024-05-10 10:00', 'System', '2024-05-10 10:00', 'System', 0, 500),
(75, 'A', 'A-04-18', '? 300 Kg', '2024-05-10 10:00', 'System', '2024-05-10 10:00', 'System', 0, 500),
(76, 'A', 'A-04-19', '? 300 Kg', '2024-05-10 10:00', 'System', '2024-05-10 10:00', 'System', 0, 500),
(77, 'B', 'B-01-01', '> 500 Kg', '2024-05-10 10:00', 'System', '2024-05-10 10:00', 'System', 0, 500),
(78, 'B', 'B-01-02', '> 500 Kg', '2024-05-10 10:00', 'System', '2024-05-10 10:00', 'System', 0, 500),
(79, 'B', 'B-01-03', '> 500 Kg', '2024-05-10 10:00', 'System', '2024-05-10 10:00', 'System', 0, 500),
(80, 'B', 'B-01-04', '> 500 Kg', '2024-05-10 10:00', 'System', '2024-05-10 10:00', 'System', 0, 500),
(81, 'B', 'B-01-05', '> 500 Kg', '2024-05-10 10:00', 'System', '2024-05-10 10:00', 'System', 0, 500),
(82, 'B', 'B-01-06', '> 500 Kg', '2024-05-10 10:00', 'System', '2024-05-10 10:00', 'System', 0, 500),
(83, 'B', 'B-01-07', '> 500 Kg', '2024-05-10 10:00', 'System', '2024-05-10 10:00', 'System', 0, 500),
(84, 'B', 'B-01-08', '> 500 Kg', '2024-05-10 10:00', 'System', '2024-05-10 10:00', 'System', 0, 500),
(85, 'B', 'B-01-09', '> 500 Kg', '2024-05-10 10:00', 'System', '2024-05-10 10:00', 'System', 0, 500),
(86, 'B', 'B-01-10', '> 500 Kg', '2024-05-10 10:00', 'System', '2024-05-10 10:00', 'System', 0, 500),
(87, 'B', 'B-01-11', '> 500 Kg', '2024-05-10 10:00', 'System', '2024-05-10 10:00', 'System', 0, 500),
(88, 'B', 'B-01-12', '> 500 Kg', '2024-05-10 10:00', 'System', '2024-05-10 10:00', 'System', 0, 500),
(89, 'B', 'B-01-13', '> 500 Kg', '2024-05-10 10:00', 'System', '2024-05-10 10:00', 'System', 0, 500),
(90, 'B', 'B-01-14', '> 500 Kg', '2024-05-10 10:00', 'System', '2024-05-10 10:00', 'System', 0, 500),
(91, 'B', 'B-01-15', '> 500 Kg', '2024-05-10 10:00', 'System', '2024-05-10 10:00', 'System', 0, 500),
(92, 'B', 'B-02-01', '> 300 Kg ? 500 Kg', '2024-05-10 10:00', 'System', '2024-05-10 10:00', 'System', 0, 300),
(93, 'B', 'B-02-02', '> 300 Kg ? 500 Kg', '2024-05-10 10:00', 'System', '2024-05-10 10:00', 'System', 0, 300),
(94, 'B', 'B-02-03', '> 300 Kg ? 500 Kg', '2024-05-10 10:00', 'System', '2024-05-10 10:00', 'System', 0, 300),
(95, 'B', 'B-02-04', '> 300 Kg ? 500 Kg', '2024-05-10 10:00', 'System', '2024-05-10 10:00', 'System', 0, 300),
(96, 'B', 'B-02-05', '> 300 Kg ? 500 Kg', '2024-05-10 10:00', 'System', '2024-05-10 10:00', 'System', 0, 300),
(97, 'B', 'B-02-06', '> 300 Kg ? 500 Kg', '2024-05-10 10:00', 'System', '2024-05-10 10:00', 'System', 0, 200),
(98, 'B', 'B-02-07', '> 300 Kg ? 500 Kg', '2024-05-10 10:00', 'System', '2024-05-10 10:00', 'System', 0, 300),
(99, 'B', 'B-02-08', '> 300 Kg ? 500 Kg', '2024-05-10 10:00', 'System', '2024-05-10 10:00', 'System', 0, 300),
(100, 'B', 'B-02-09', '> 300 Kg ? 500 Kg', '2024-05-10 10:00', 'System', '2024-05-10 10:00', 'System', 0, 300),
(101, 'B', 'B-02-10', '> 300 Kg ? 500 Kg', '2024-05-10 10:00', 'System', '2024-05-10 10:00', 'System', 0, 300),
(102, 'B', 'B-02-11', '> 300 Kg ? 500 Kg', '2024-05-10 10:00', 'System', '2024-05-10 10:00', 'System', 0, 300),
(103, 'B', 'B-02-12', '> 300 Kg ? 500 Kg', '2024-05-10 10:00', 'System', '2024-05-10 10:00', 'System', 0, 300),
(104, 'B', 'B-02-13', '> 300 Kg ? 500 Kg', '2024-05-10 10:00', 'System', '2024-05-10 10:00', 'System', 0, 300),
(105, 'B', 'B-02-14', '> 300 Kg ? 500 Kg', '2024-05-10 10:00', 'System', '2024-05-10 10:00', 'System', 0, 300),
(106, 'B', 'B-02-15', '> 300 Kg ? 500 Kg', '2024-05-10 10:00', 'System', '2024-05-10 10:00', 'System', 0, 300),
(107, 'B', 'B-03-01', '> 300 Kg ? 500 Kg', '2024-05-10 10:00', 'System', '2024-05-10 10:00', 'System', 0, 300),
(108, 'B', 'B-03-02', '> 300 Kg ? 500 Kg', '2024-05-10 10:00', 'System', '2024-05-10 10:00', 'System', 0, 300),
(109, 'B', 'B-03-03', '> 300 Kg ? 500 Kg', '2024-05-10 10:00', 'System', '2024-05-10 10:00', 'System', 0, 300),
(110, 'B', 'B-03-04', '> 300 Kg ? 500 Kg', '2024-05-10 10:00', 'System', '2024-05-10 10:00', 'System', 0, 300),
(111, 'B', 'B-03-05', '> 300 Kg ? 500 Kg', '2024-05-10 10:00', 'System', '2024-05-10 10:00', 'System', 0, 300),
(112, 'B', 'B-03-06', '> 300 Kg ? 500 Kg', '2024-05-10 10:00', 'System', '2024-05-10 10:00', 'System', 0, 300),
(113, 'B', 'B-03-07', '> 300 Kg ? 500 Kg', '2024-05-10 10:00', 'System', '2024-05-10 10:00', 'System', 0, 300),
(114, 'B', 'B-03-08', '> 300 Kg ? 500 Kg', '2024-05-10 10:00', 'System', '2024-05-10 10:00', 'System', 0, 300),
(115, 'B', 'B-03-09', '> 300 Kg ? 500 Kg', '2024-05-10 10:00', 'System', '2024-05-10 10:00', 'System', 0, 300),
(116, 'B', 'B-03-10', '> 300 Kg ? 500 Kg', '2024-05-10 10:00', 'System', '2024-05-10 10:00', 'System', 0, 300),
(117, 'B', 'B-03-11', '> 300 Kg ? 500 Kg', '2024-05-10 10:00', 'System', '2024-05-10 10:00', 'System', 0, 300),
(118, 'B', 'B-03-12', '> 300 Kg ? 500 Kg', '2024-05-10 10:00', 'System', '2024-05-10 10:00', 'System', 0, 300),
(119, 'B', 'B-03-13', '> 300 Kg ? 500 Kg', '2024-05-10 10:00', 'System', '2024-05-10 10:00', 'System', 0, 300),
(120, 'B', 'B-03-14', '> 300 Kg ? 500 Kg', '2024-05-10 10:00', 'System', '2024-05-10 10:00', 'System', 0, 300),
(121, 'B', 'B-03-15', '> 300 Kg ? 500 Kg', '2024-05-10 10:00', 'System', '2024-05-10 10:00', 'System', 0, 300),
(122, 'B', 'B-04-01', '? 300 Kg', '2024-05-10 10:00', 'System', '2024-05-10 10:00', 'System', 0, 500),
(123, 'B', 'B-04-02', '? 300 Kg', '2024-05-10 10:00', 'System', '2024-05-10 10:00', 'System', 0, 500),
(124, 'B', 'B-04-03', '? 300 Kg', '2024-05-10 10:00', 'System', '2024-05-10 10:00', 'System', 0, 500),
(125, 'B', 'B-04-04', '? 300 Kg', '2024-05-10 10:00', 'System', '2024-05-10 10:00', 'System', 0, 500),
(126, 'B', 'B-04-05', '? 300 Kg', '2024-05-10 10:00', 'System', '2024-05-10 10:00', 'System', 0, 500),
(127, 'B', 'B-04-06', '? 300 Kg', '2024-05-10 10:00', 'System', '2024-05-10 10:00', 'System', 0, 500),
(128, 'B', 'B-04-07', '? 300 Kg', '2024-05-10 10:00', 'System', '2024-05-10 10:00', 'System', 0, 500),
(129, 'B', 'B-04-08', '? 300 Kg', '2024-05-10 10:00', 'System', '2024-05-10 10:00', 'System', 0, 500),
(130, 'B', 'B-04-09', '? 300 Kg', '2024-05-10 10:00', 'System', '2024-05-10 10:00', 'System', 0, 500),
(131, 'B', 'B-04-10', '? 300 Kg', '2024-05-10 10:00', 'System', '2024-05-10 10:00', 'System', 0, 500),
(132, 'B', 'B-04-11', '? 300 Kg', '2024-05-10 10:00', 'System', '2024-05-10 10:00', 'System', 0, 500),
(133, 'B', 'B-04-12', '? 300 Kg', '2024-05-10 10:00', 'System', '2024-05-10 10:00', 'System', 0, 500),
(134, 'B', 'B-04-13', '? 300 Kg', '2024-05-10 10:00', 'System', '2024-05-10 10:00', 'System', 0, 500),
(135, 'B', 'B-04-14', '? 300 Kg', '2024-05-10 10:00', 'System', '2024-05-10 10:00', 'System', 0, 500),
(136, 'B', 'B-04-15', '? 300 Kg', '2024-05-10 10:00', 'System', '2024-05-10 10:00', 'System', 0, 500),
(137, 'C', 'C-01-01', '> 500 Kg', '2024-05-10 10:00', 'System', '2024-05-10 10:00', 'System', 0, 500),
(138, 'C', 'C-01-02', '> 500 Kg', '2024-05-10 10:00', 'System', '2024-05-10 10:00', 'System', 0, 500),
(139, 'C', 'C-01-03', '> 500 Kg', '2024-05-10 10:00', 'System', '2024-05-10 10:00', 'System', 0, 500),
(140, 'C', 'C-01-04', '> 500 Kg', '2024-05-10 10:00', 'System', '2024-05-10 10:00', 'System', 0, 500),
(141, 'C', 'C-01-05', '> 500 Kg', '2024-05-10 10:00', 'System', '2024-05-10 10:00', 'System', 0, 500),
(142, 'C', 'C-01-06', '> 500 Kg', '2024-05-10 10:00', 'System', '2024-05-10 10:00', 'System', 0, 500),
(143, 'C', 'C-01-07', '> 500 Kg', '2024-05-10 10:00', 'System', '2024-05-10 10:00', 'System', 0, 500),
(144, 'C', 'C-01-08', '> 500 Kg', '2024-05-10 10:00', 'System', '2024-05-10 10:00', 'System', 0, 500),
(145, 'C', 'C-01-09', '> 500 Kg', '2024-05-10 10:00', 'System', '2024-05-10 10:00', 'System', 0, 500),
(146, 'C', 'C-01-10', '> 500 Kg', '2024-05-10 10:00', 'System', '2024-05-10 10:00', 'System', 0, 200),
(147, 'C', 'C-01-11', '> 500 Kg', '2024-05-10 10:00', 'System', '2024-05-10 10:00', 'System', 0, 500),
(148, 'C', 'C-01-12', '> 500 Kg', '2024-05-10 10:00', 'System', '2024-05-10 10:00', 'System', 0, 500),
(149, 'C', 'C-01-13', '> 500 Kg', '2024-05-10 10:00', 'System', '2024-05-10 10:00', 'System', 0, 500),
(150, 'C', 'C-01-14', '> 500 Kg', '2024-05-10 10:00', 'System', '2024-05-10 10:00', 'System', 0, 500),
(151, 'C', 'C-02-01', '> 300 Kg ? 500 Kg', '2024-05-10 10:00', 'System', '2024-05-10 10:00', 'System', 0, 300),
(152, 'C', 'C-02-02', '> 300 Kg ? 500 Kg', '2024-05-10 10:00', 'System', '2024-05-10 10:00', 'System', 0, 300),
(153, 'C', 'C-02-03', '> 300 Kg ? 500 Kg', '2024-05-10 10:00', 'System', '2024-05-10 10:00', 'System', 0, 300),
(154, 'C', 'C-02-04', '> 300 Kg ? 500 Kg', '2024-05-10 10:00', 'System', '2024-05-10 10:00', 'System', 0, 300),
(155, 'C', 'C-02-05', '> 300 Kg ? 500 Kg', '2024-05-10 10:00', 'System', '2024-05-10 10:00', 'System', 0, 300),
(156, 'C', 'C-02-06', '> 300 Kg ? 500 Kg', '2024-05-10 10:00', 'System', '2024-05-10 10:00', 'System', 0, 300),
(157, 'C', 'C-02-07', '> 300 Kg ? 500 Kg', '2024-05-10 10:00', 'System', '2024-05-10 10:00', 'System', 0, 300),
(158, 'C', 'C-02-08', '> 300 Kg ? 500 Kg', '2024-05-10 10:00', 'System', '2024-05-10 10:00', 'System', 0, 300),
(159, 'C', 'C-02-09', '> 300 Kg ? 500 Kg', '2024-05-10 10:00', 'System', '2024-05-10 10:00', 'System', 0, 300),
(160, 'C', 'C-02-10', '> 300 Kg ? 500 Kg', '2024-05-10 10:00', 'System', '2024-05-10 10:00', 'System', 0, 300),
(161, 'C', 'C-02-11', '> 300 Kg ? 500 Kg', '2024-05-10 10:00', 'System', '2024-05-10 10:00', 'System', 0, 300),
(162, 'C', 'C-02-12', '> 300 Kg ? 500 Kg', '2024-05-10 10:00', 'System', '2024-05-10 10:00', 'System', 0, 300),
(163, 'C', 'C-02-13', '> 300 Kg ? 500 Kg', '2024-05-10 10:00', 'System', '2024-05-10 10:00', 'System', 0, 300),
(164, 'C', 'C-02-14', '> 300 Kg ? 500 Kg', '2024-05-10 10:00', 'System', '2024-05-10 10:00', 'System', 0, 300),
(165, 'C', 'C-03-01', '> 300 Kg ? 500 Kg', '2024-05-10 10:00', 'System', '2024-05-10 10:00', 'System', 0, 300),
(166, 'C', 'C-03-02', '> 300 Kg ? 500 Kg', '2024-05-10 10:00', 'System', '2024-05-10 10:00', 'System', 0, 300),
(167, 'C', 'C-03-03', '> 300 Kg ? 500 Kg', '2024-05-10 10:00', 'System', '2024-05-10 10:00', 'System', 0, 300),
(168, 'C', 'C-03-04', '> 300 Kg ? 500 Kg', '2024-05-10 10:00', 'System', '2024-05-10 10:00', 'System', 0, 300),
(169, 'C', 'C-03-05', '> 300 Kg ? 500 Kg', '2024-05-10 10:00', 'System', '2024-05-10 10:00', 'System', 0, 300),
(170, 'C', 'C-03-06', '> 300 Kg ? 500 Kg', '2024-05-10 10:00', 'System', '2024-05-10 10:00', 'System', 0, 300),
(171, 'C', 'C-03-07', '> 300 Kg ? 500 Kg', '2024-05-10 10:00', 'System', '2024-05-10 10:00', 'System', 0, 300),
(172, 'C', 'C-03-08', '> 300 Kg ? 500 Kg', '2024-05-10 10:00', 'System', '2024-05-10 10:00', 'System', 0, 300),
(173, 'C', 'C-03-09', '> 300 Kg ? 500 Kg', '2024-05-10 10:00', 'System', '2024-05-10 10:00', 'System', 0, 300),
(174, 'C', 'C-03-10', '> 300 Kg ? 500 Kg', '2024-05-10 10:00', 'System', '2024-05-10 10:00', 'System', 0, 300),
(175, 'C', 'C-03-11', '> 300 Kg ? 500 Kg', '2024-05-10 10:00', 'System', '2024-05-10 10:00', 'System', 0, 300),
(176, 'C', 'C-03-12', '> 300 Kg ? 500 Kg', '2024-05-10 10:00', 'System', '2024-05-10 10:00', 'System', 0, 300),
(177, 'C', 'C-03-13', '> 300 Kg ? 500 Kg', '2024-05-10 10:00', 'System', '2024-05-10 10:00', 'System', 0, 300),
(178, 'C', 'C-03-14', '> 300 Kg ? 500 Kg', '2024-05-10 10:00', 'System', '2024-05-10 10:00', 'System', 0, 300),
(179, 'C', 'C-04-01', '? 300 Kg', '2024-05-10 10:00', 'System', '2024-05-10 10:00', 'System', 0, 500),
(180, 'C', 'C-04-02', '? 300 Kg', '2024-05-10 10:00', 'System', '2024-05-10 10:00', 'System', 0, 500),
(181, 'C', 'C-04-03', '? 300 Kg', '2024-05-10 10:00', 'System', '2024-05-10 10:00', 'System', 0, 500),
(182, 'C', 'C-04-04', '? 300 Kg', '2024-05-10 10:00', 'System', '2024-05-10 10:00', 'System', 0, 500),
(183, 'C', 'C-04-05', '? 300 Kg', '2024-05-10 10:00', 'System', '2024-05-10 10:00', 'System', 0, 500),
(184, 'C', 'C-04-06', '? 300 Kg', '2024-05-10 10:00', 'System', '2024-05-10 10:00', 'System', 0, 500),
(185, 'C', 'C-04-07', '? 300 Kg', '2024-05-10 10:00', 'System', '2024-05-10 10:00', 'System', 0, 500),
(186, 'C', 'C-04-08', '? 300 Kg', '2024-05-10 10:00', 'System', '2024-05-10 10:00', 'System', 0, 500),
(187, 'C', 'C-04-09', '? 300 Kg', '2024-05-10 10:00', 'System', '2024-05-10 10:00', 'System', 0, 500),
(188, 'C', 'C-04-10', '? 300 Kg', '2024-05-10 10:00', 'System', '2024-05-10 10:00', 'System', 0, 500),
(189, 'C', 'C-04-11', '? 300 Kg', '2024-05-10 10:00', 'System', '2024-05-10 10:00', 'System', 0, 500),
(190, 'C', 'C-04-12', '? 300 Kg', '2024-05-10 10:00', 'System', '2024-05-10 10:00', 'System', 0, 500),
(191, 'C', 'C-04-13', '? 300 Kg', '2024-05-10 10:00', 'System', '2024-05-10 10:00', 'System', 0, 500),
(192, 'C', 'C-04-14', '? 300 Kg', '2024-05-10 10:00', 'System', '2024-05-10 10:00', 'System', 0, 500),
(193, 'D', 'D-01-01', '> 500 Kg', '2024-05-10 10:00', 'System', '2024-05-10 10:00', 'System', 0, 500),
(194, 'D', 'D-01-02', '> 500 Kg', '2024-05-10 10:00', 'System', '2024-05-10 10:00', 'System', 0, 500),
(195, 'D', 'D-01-03', '> 500 Kg', '2024-05-10 10:00', 'System', '2024-05-10 10:00', 'System', 0, 500),
(196, 'D', 'D-01-04', '> 500 Kg', '2024-05-10 10:00', 'System', '2024-05-10 10:00', 'System', 0, 500),
(197, 'D', 'D-01-05', '> 500 Kg', '2024-05-10 10:00', 'System', '2024-05-10 10:00', 'System', 0, 500),
(198, 'D', 'D-01-06', '> 500 Kg', '2024-05-10 10:00', 'System', '2024-05-10 10:00', 'System', 0, 500),
(199, 'D', 'D-01-07', '> 500 Kg', '2024-05-10 10:00', 'System', '2024-05-10 10:00', 'System', 0, 500),
(200, 'D', 'D-01-08', '> 500 Kg', '2024-05-10 10:00', 'System', '2024-05-10 10:00', 'System', 0, 500),
(201, 'D', 'D-01-09', '> 500 Kg', '2024-05-10 10:00', 'System', '2024-05-10 10:00', 'System', 0, 500),
(202, 'D', 'D-01-10', '> 500 Kg', '2024-05-10 10:00', 'System', '2024-05-10 10:00', 'System', 0, 500),
(203, 'D', 'D-01-11', '> 500 Kg', '2024-05-10 10:00', 'System', '2024-05-10 10:00', 'System', 0, 500),
(204, 'D', 'D-01-12', '> 500 Kg', '2024-05-10 10:00', 'System', '2024-05-10 10:00', 'System', 0, 500),
(205, 'D', 'D-01-13', '> 500 Kg', '2024-05-10 10:00', 'System', '2024-05-10 10:00', 'System', 0, 500),
(206, 'D', 'D-01-14', '> 500 Kg', '2024-05-10 10:00', 'System', '2024-05-10 10:00', 'System', 0, 500),
(207, 'D', 'D-02-01', '> 300 Kg ? 500 Kg', '2024-05-10 10:00', 'System', '2024-05-10 10:00', 'System', 0, 300),
(208, 'D', 'D-02-02', '> 300 Kg ? 500 Kg', '2024-05-10 10:00', 'System', '2024-05-10 10:00', 'System', 0, 300),
(209, 'D', 'D-02-03', '> 300 Kg ? 500 Kg', '2024-05-10 10:00', 'System', '2024-05-10 10:00', 'System', 0, 300),
(210, 'D', 'D-02-04', '> 300 Kg ? 500 Kg', '2024-05-10 10:00', 'System', '2024-05-10 10:00', 'System', 0, 300),
(211, 'D', 'D-02-05', '> 300 Kg ? 500 Kg', '2024-05-10 10:00', 'System', '2024-05-10 10:00', 'System', 0, 300),
(212, 'D', 'D-02-06', '> 300 Kg ? 500 Kg', '2024-05-10 10:00', 'System', '2024-05-10 10:00', 'System', 0, 300),
(213, 'D', 'D-02-07', '> 300 Kg ? 500 Kg', '2024-05-10 10:00', 'System', '2024-05-10 10:00', 'System', 0, 300),
(214, 'D', 'D-02-08', '> 300 Kg ? 500 Kg', '2024-05-10 10:00', 'System', '2024-05-10 10:00', 'System', 0, 200),
(215, 'D', 'D-02-09', '> 300 Kg ? 500 Kg', '2024-05-10 10:00', 'System', '2024-05-10 10:00', 'System', 0, 300),
(216, 'D', 'D-02-10', '> 300 Kg ? 500 Kg', '2024-05-10 10:00', 'System', '2024-05-10 10:00', 'System', 0, 300),
(217, 'D', 'D-02-11', '> 300 Kg ? 500 Kg', '2024-05-10 10:00', 'System', '2024-05-10 10:00', 'System', 0, 300),
(218, 'D', 'D-02-12', '> 300 Kg ? 500 Kg', '2024-05-10 10:00', 'System', '2024-05-10 10:00', 'System', 0, 300),
(219, 'D', 'D-02-13', '> 300 Kg ? 500 Kg', '2024-05-10 10:00', 'System', '2024-05-10 10:00', 'System', 0, 300),
(220, 'D', 'D-02-14', '> 300 Kg ? 500 Kg', '2024-05-10 10:00', 'System', '2024-05-10 10:00', 'System', 0, 300),
(221, 'D', 'D-03-01', '> 300 Kg ? 500 Kg', '2024-05-10 10:00', 'System', '2024-05-10 10:00', 'System', 0, 300),
(222, 'D', 'D-03-02', '> 300 Kg ? 500 Kg', '2024-05-10 10:00', 'System', '2024-05-10 10:00', 'System', 0, 300),
(223, 'D', 'D-03-03', '> 300 Kg ? 500 Kg', '2024-05-10 10:00', 'System', '2024-05-10 10:00', 'System', 0, 300),
(224, 'D', 'D-03-04', '> 300 Kg ? 500 Kg', '2024-05-10 10:00', 'System', '2024-05-10 10:00', 'System', 0, 300),
(225, 'D', 'D-03-05', '> 300 Kg ? 500 Kg', '2024-05-10 10:00', 'System', '2024-05-10 10:00', 'System', 0, 300),
(226, 'D', 'D-03-06', '> 300 Kg ? 500 Kg', '2024-05-10 10:00', 'System', '2024-05-10 10:00', 'System', 0, 300),
(227, 'D', 'D-03-07', '> 300 Kg ? 500 Kg', '2024-05-10 10:00', 'System', '2024-05-10 10:00', 'System', 0, 300),
(228, 'D', 'D-03-08', '> 300 Kg ? 500 Kg', '2024-05-10 10:00', 'System', '2024-05-10 10:00', 'System', 0, 300),
(229, 'D', 'D-03-09', '> 300 Kg ? 500 Kg', '2024-05-10 10:00', 'System', '2024-05-10 10:00', 'System', 0, 300),
(230, 'D', 'D-03-10', '> 300 Kg ? 500 Kg', '2024-05-10 10:00', 'System', '2024-05-10 10:00', 'System', 0, 300),
(231, 'D', 'D-03-11', '> 300 Kg ? 500 Kg', '2024-05-10 10:00', 'System', '2024-05-10 10:00', 'System', 0, 300),
(232, 'D', 'D-03-12', '> 300 Kg ? 500 Kg', '2024-05-10 10:00', 'System', '2024-05-10 10:00', 'System', 0, 300),
(233, 'D', 'D-03-13', '> 300 Kg ? 500 Kg', '2024-05-10 10:00', 'System', '2024-05-10 10:00', 'System', 0, 300),
(234, 'D', 'D-03-14', '> 300 Kg ? 500 Kg', '2024-05-10 10:00', 'System', '2024-05-10 10:00', 'System', 0, 300),
(235, 'D', 'D-04-01', '? 300 Kg', '2024-05-10 10:00', 'System', '2024-05-10 10:00', 'System', 0, 500),
(236, 'D', 'D-04-02', '? 300 Kg', '2024-05-10 10:00', 'System', '2024-05-10 10:00', 'System', 0, 500),
(237, 'D', 'D-04-03', '? 300 Kg', '2024-05-10 10:00', 'System', '2024-05-10 10:00', 'System', 0, 500),
(238, 'D', 'D-04-04', '? 300 Kg', '2024-05-10 10:00', 'System', '2024-05-10 10:00', 'System', 0, 500),
(239, 'D', 'D-04-05', '? 300 Kg', '2024-05-10 10:00', 'System', '2024-05-10 10:00', 'System', 0, 500),
(240, 'D', 'D-04-06', '? 300 Kg', '2024-05-10 10:00', 'System', '2024-05-10 10:00', 'System', 0, 500),
(241, 'D', 'D-04-07', '? 300 Kg', '2024-05-10 10:00', 'System', '2024-05-10 10:00', 'System', 0, 500),
(242, 'D', 'D-04-08', '? 300 Kg', '2024-05-10 10:00', 'System', '2024-05-10 10:00', 'System', 0, 500),
(243, 'D', 'D-04-09', '? 300 Kg', '2024-05-10 10:00', 'System', '2024-05-10 10:00', 'System', 0, 500),
(244, 'D', 'D-04-10', '? 300 Kg', '2024-05-10 10:00', 'System', '2024-05-10 10:00', 'System', 0, 500),
(245, 'D', 'D-04-11', '? 300 Kg', '2024-05-10 10:00', 'System', '2024-05-10 10:00', 'System', 0, 500),
(246, 'D', 'D-04-12', '? 300 Kg', '2024-05-10 10:00', 'System', '2024-05-10 10:00', 'System', 0, 500),
(247, 'D', 'D-04-13', '? 300 Kg', '2024-05-10 10:00', 'System', '2024-05-10 10:00', 'System', 0, 500),
(248, 'D', 'D-04-14', '? 300 Kg', '2024-05-10 10:00', 'System', '2024-05-10 10:00', 'System', 0, 500),
(249, 'E', 'E-01-01', '> 500 Kg', '2024-05-10 10:00', 'System', '2024-05-10 10:00', 'System', 0, 500),
(250, 'E', 'E-01-02', '> 500 Kg', '2024-05-10 10:00', 'System', '2024-05-10 10:00', 'System', 0, 500),
(251, 'E', 'E-01-03', '> 500 Kg', '2024-05-10 10:00', 'System', '2024-05-10 10:00', 'System', 0, 500),
(252, 'E', 'E-01-04', '> 500 Kg', '2024-05-10 10:00', 'System', '2024-05-10 10:00', 'System', 0, 500),
(253, 'E', 'E-01-05', '> 500 Kg', '2024-05-10 10:00', 'System', '2024-05-10 10:00', 'System', 0, 500),
(254, 'E', 'E-01-06', '> 500 Kg', '2024-05-10 10:00', 'System', '2024-05-10 10:00', 'System', 0, 500),
(255, 'E', 'E-01-07', '> 500 Kg', '2024-05-10 10:00', 'System', '2024-05-10 10:00', 'System', 0, 500),
(256, 'E', 'E-01-08', '> 500 Kg', '2024-05-10 10:00', 'System', '2024-05-10 10:00', 'System', 0, 500),
(257, 'E', 'E-01-09', '> 500 Kg', '2024-05-10 10:00', 'System', '2024-05-10 10:00', 'System', 0, 500),
(258, 'E', 'E-01-10', '> 500 Kg', '2024-05-10 10:00', 'System', '2024-05-10 10:00', 'System', 0, 500),
(259, 'E', 'E-01-11', '> 500 Kg', '2024-05-10 10:00', 'System', '2024-05-10 10:00', 'System', 0, 500),
(260, 'E', 'E-01-12', '> 500 Kg', '2024-05-10 10:00', 'System', '2024-05-10 10:00', 'System', 0, 500),
(261, 'E', 'E-01-13', '> 500 Kg', '2024-05-10 10:00', 'System', '2024-05-10 10:00', 'System', 0, 500),
(262, 'E', 'E-01-14', '> 500 Kg', '2024-05-10 10:00', 'System', '2024-05-10 10:00', 'System', 0, 500),
(263, 'E', 'E-02-01', '> 300 Kg ? 500 Kg', '2024-05-10 10:00', 'System', '2024-05-10 10:00', 'System', 0, 300),
(264, 'E', 'E-02-02', '> 300 Kg ? 500 Kg', '2024-05-10 10:00', 'System', '2024-05-10 10:00', 'System', 0, 300),
(265, 'E', 'E-02-03', '> 300 Kg ? 500 Kg', '2024-05-10 10:00', 'System', '2024-05-10 10:00', 'System', 0, 300),
(266, 'E', 'E-02-04', '> 300 Kg ? 500 Kg', '2024-05-10 10:00', 'System', '2024-05-10 10:00', 'System', 0, 300),
(267, 'E', 'E-02-05', '> 300 Kg ? 500 Kg', '2024-05-10 10:00', 'System', '2024-05-10 10:00', 'System', 0, 300),
(268, 'E', 'E-02-06', '> 300 Kg ? 500 Kg', '2024-05-10 10:00', 'System', '2024-05-10 10:00', 'System', 0, 300),
(269, 'E', 'E-02-07', '> 300 Kg ? 500 Kg', '2024-05-10 10:00', 'System', '2024-05-10 10:00', 'System', 0, 300),
(270, 'E', 'E-02-08', '> 300 Kg ? 500 Kg', '2024-05-10 10:00', 'System', '2024-05-10 10:00', 'System', 0, 300),
(271, 'E', 'E-02-09', '> 300 Kg ? 500 Kg', '2024-05-10 10:00', 'System', '2024-05-10 10:00', 'System', 0, 300),
(272, 'E', 'E-02-10', '> 300 Kg ? 500 Kg', '2024-05-10 10:00', 'System', '2024-05-10 10:00', 'System', 0, 300),
(273, 'E', 'E-02-11', '> 300 Kg ? 500 Kg', '2024-05-10 10:00', 'System', '2024-05-10 10:00', 'System', 0, 300),
(274, 'E', 'E-02-12', '> 300 Kg ? 500 Kg', '2024-05-10 10:00', 'System', '2024-05-10 10:00', 'System', 0, 300),
(275, 'E', 'E-02-13', '> 300 Kg ? 500 Kg', '2024-05-10 10:00', 'System', '2024-05-10 10:00', 'System', 0, 300),
(276, 'E', 'E-02-14', '> 300 Kg ? 500 Kg', '2024-05-10 10:00', 'System', '2024-05-10 10:00', 'System', 0, 300),
(277, 'E', 'E-03-01', '> 300 Kg ? 500 Kg', '2024-05-10 10:00', 'System', '2024-05-10 10:00', 'System', 0, 300),
(278, 'E', 'E-03-02', '> 300 Kg ? 500 Kg', '2024-05-10 10:00', 'System', '2024-05-10 10:00', 'System', 0, 300),
(279, 'E', 'E-03-03', '> 300 Kg ? 500 Kg', '2024-05-10 10:00', 'System', '2024-05-10 10:00', 'System', 0, 300),
(280, 'E', 'E-03-04', '> 300 Kg ? 500 Kg', '2024-05-10 10:00', 'System', '2024-05-10 10:00', 'System', 0, 300),
(281, 'E', 'E-03-05', '> 300 Kg ? 500 Kg', '2024-05-10 10:00', 'System', '2024-05-10 10:00', 'System', 0, 300),
(282, 'E', 'E-03-06', '> 300 Kg ? 500 Kg', '2024-05-10 10:00', 'System', '2024-05-10 10:00', 'System', 0, 300),
(283, 'E', 'E-03-07', '> 300 Kg ? 500 Kg', '2024-05-10 10:00', 'System', '2024-05-10 10:00', 'System', 0, 300),
(284, 'E', 'E-03-08', '> 300 Kg ? 500 Kg', '2024-05-10 10:00', 'System', '2024-05-10 10:00', 'System', 0, 300),
(285, 'E', 'E-03-09', '> 300 Kg ? 500 Kg', '2024-05-10 10:00', 'System', '2024-05-10 10:00', 'System', 0, 300),
(286, 'E', 'E-03-10', '> 300 Kg ? 500 Kg', '2024-05-10 10:00', 'System', '2024-05-10 10:00', 'System', 0, 300),
(287, 'E', 'E-03-11', '> 300 Kg ? 500 Kg', '2024-05-10 10:00', 'System', '2024-05-10 10:00', 'System', 0, 300),
(288, 'E', 'E-03-12', '> 300 Kg ? 500 Kg', '2024-05-10 10:00', 'System', '2024-05-10 10:00', 'System', 0, 300),
(289, 'E', 'E-03-13', '> 300 Kg ? 500 Kg', '2024-05-10 10:00', 'System', '2024-05-10 10:00', 'System', 0, 300),
(290, 'E', 'E-03-14', '> 300 Kg ? 500 Kg', '2024-05-10 10:00', 'System', '2024-05-10 10:00', 'System', 0, 300),
(291, 'E', 'E-04-01', '? 300 Kg', '2024-05-10 10:00', 'System', '2024-05-10 10:00', 'System', 0, 500),
(292, 'E', 'E-04-02', '? 300 Kg', '2024-05-10 10:00', 'System', '2024-05-10 10:00', 'System', 0, 500),
(293, 'E', 'E-04-03', '? 300 Kg', '2024-05-10 10:00', 'System', '2024-05-10 10:00', 'System', 0, 500),
(294, 'E', 'E-04-04', '? 300 Kg', '2024-05-10 10:00', 'System', '2024-05-10 10:00', 'System', 0, 500),
(295, 'E', 'E-04-05', '? 300 Kg', '2024-05-10 10:00', 'System', '2024-05-10 10:00', 'System', 0, 500),
(296, 'E', 'E-04-06', '? 300 Kg', '2024-05-10 10:00', 'System', '2024-05-10 10:00', 'System', 0, 500),
(297, 'E', 'E-04-07', '? 300 Kg', '2024-05-10 10:00', 'System', '2024-05-10 10:00', 'System', 0, 500),
(298, 'E', 'E-04-08', '? 300 Kg', '2024-05-10 10:00', 'System', '2024-05-10 10:00', 'System', 0, 500),
(299, 'E', 'E-04-09', '? 300 Kg', '2024-05-10 10:00', 'System', '2024-05-10 10:00', 'System', 0, 500),
(300, 'E', 'E-04-10', '? 300 Kg', '2024-05-10 10:00', 'System', '2024-05-10 10:00', 'System', 0, 500),
(301, 'E', 'E-04-11', '? 300 Kg', '2024-05-10 10:00', 'System', '2024-05-10 10:00', 'System', 0, 500),
(302, 'E', 'E-04-12', '? 300 Kg', '2024-05-10 10:00', 'System', '2024-05-10 10:00', 'System', 0, 500),
(303, 'E', 'E-04-13', '? 300 Kg', '2024-05-10 10:00', 'System', '2024-05-10 10:00', 'System', 0, 500),
(304, 'E', 'E-04-14', '? 300 Kg', '2024-05-10 10:00', 'System', '2024-05-10 10:00', 'System', 0, 500),
(305, 'F', 'F-01-01', '> 500 Kg', '2024-05-10 10:00', 'System', '2024-05-10 10:00', 'System', 0, 500),
(306, 'F', 'F-01-02', '> 500 Kg', '2024-05-10 10:00', 'System', '2024-05-10 10:00', 'System', 0, 500),
(307, 'F', 'F-01-03', '> 500 Kg', '2024-05-10 10:00', 'System', '2024-05-10 10:00', 'System', 0, 500),
(308, 'F', 'F-01-04', '> 500 Kg', '2024-05-10 10:00', 'System', '2024-05-10 10:00', 'System', 0, 500),
(309, 'F', 'F-01-05', '> 500 Kg', '2024-05-10 10:00', 'System', '2024-05-10 10:00', 'System', 0, 500),
(310, 'F', 'F-01-06', '> 500 Kg', '2024-05-10 10:00', 'System', '2024-05-10 10:00', 'System', 0, 500),
(311, 'F', 'F-01-07', '> 500 Kg', '2024-05-10 10:00', 'System', '2024-05-10 10:00', 'System', 0, 500),
(312, 'F', 'F-01-08', '> 500 Kg', '2024-05-10 10:00', 'System', '2024-05-10 10:00', 'System', 0, 500),
(313, 'F', 'F-01-09', '> 500 Kg', '2024-05-10 10:00', 'System', '2024-05-10 10:00', 'System', 0, 500),
(314, 'F', 'F-01-10', '> 500 Kg', '2024-05-10 10:00', 'System', '2024-05-10 10:00', 'System', 0, 500),
(315, 'F', 'F-01-11', '> 500 Kg', '2024-05-10 10:00', 'System', '2024-05-10 10:00', 'System', 0, 500),
(316, 'F', 'F-01-12', '> 500 Kg', '2024-05-10 10:00', 'System', '2024-05-10 10:00', 'System', 0, 500),
(317, 'F', 'F-02-01', '> 300 Kg ? 500 Kg', '2024-05-10 10:00', 'System', '2024-05-10 10:00', 'System', 0, 300),
(318, 'F', 'F-02-02', '> 300 Kg ? 500 Kg', '2024-05-10 10:00', 'System', '2024-05-10 10:00', 'System', 0, 300),
(319, 'F', 'F-02-03', '> 300 Kg ? 500 Kg', '2024-05-10 10:00', 'System', '2024-05-10 10:00', 'System', 0, 300),
(320, 'F', 'F-02-04', '> 300 Kg ? 500 Kg', '2024-05-10 10:00', 'System', '2024-05-10 10:00', 'System', 0, 300),
(321, 'F', 'F-02-05', '> 300 Kg ? 500 Kg', '2024-05-10 10:00', 'System', '2024-05-10 10:00', 'System', 0, 300),
(322, 'F', 'F-02-06', '> 300 Kg ? 500 Kg', '2024-05-10 10:00', 'System', '2024-05-10 10:00', 'System', 0, 300),
(323, 'F', 'F-02-07', '> 300 Kg ? 500 Kg', '2024-05-10 10:00', 'System', '2024-05-10 10:00', 'System', 0, 300),
(324, 'F', 'F-02-08', '> 300 Kg ? 500 Kg', '2024-05-10 10:00', 'System', '2024-05-10 10:00', 'System', 0, 300),
(325, 'F', 'F-02-09', '> 300 Kg ? 500 Kg', '2024-05-10 10:00', 'System', '2024-05-10 10:00', 'System', 0, 300),
(326, 'F', 'F-02-10', '> 300 Kg ? 500 Kg', '2024-05-10 10:00', 'System', '2024-05-10 10:00', 'System', 0, 300),
(327, 'F', 'F-02-11', '> 300 Kg ? 500 Kg', '2024-05-10 10:00', 'System', '2024-05-10 10:00', 'System', 0, 300),
(328, 'F', 'F-02-12', '> 300 Kg ? 500 Kg', '2024-05-10 10:00', 'System', '2024-05-10 10:00', 'System', 0, 300),
(329, 'F', 'F-03-01', '> 300 Kg ? 500 Kg', '2024-05-10 10:00', 'System', '2024-05-10 10:00', 'System', 0, 300),
(330, 'F', 'F-03-02', '> 300 Kg ? 500 Kg', '2024-05-10 10:00', 'System', '2024-05-10 10:00', 'System', 0, 300),
(331, 'F', 'F-03-03', '> 300 Kg ? 500 Kg', '2024-05-10 10:00', 'System', '2024-05-10 10:00', 'System', 0, 300),
(332, 'F', 'F-03-04', '> 300 Kg ? 500 Kg', '2024-05-10 10:00', 'System', '2024-05-10 10:00', 'System', 0, 300),
(333, 'F', 'F-03-05', '> 300 Kg ? 500 Kg', '2024-05-10 10:00', 'System', '2024-05-10 10:00', 'System', 0, 300),
(334, 'F', 'F-03-06', '> 300 Kg ? 500 Kg', '2024-05-10 10:00', 'System', '2024-05-10 10:00', 'System', 0, 300),
(335, 'F', 'F-03-07', '> 300 Kg ? 500 Kg', '2024-05-10 10:00', 'System', '2024-05-10 10:00', 'System', 0, 300),
(336, 'F', 'F-03-08', '> 300 Kg ? 500 Kg', '2024-05-10 10:00', 'System', '2024-05-10 10:00', 'System', 0, 300),
(337, 'F', 'F-03-09', '> 300 Kg ? 500 Kg', '2024-05-10 10:00', 'System', '2024-05-10 10:00', 'System', 0, 300),
(338, 'F', 'F-03-10', '> 300 Kg ? 500 Kg', '2024-05-10 10:00', 'System', '2024-05-10 10:00', 'System', 0, 300),
(339, 'F', 'F-03-11', '> 300 Kg ? 500 Kg', '2024-05-10 10:00', 'System', '2024-05-10 10:00', 'System', 0, 300),
(340, 'F', 'F-03-12', '> 300 Kg ? 500 Kg', '2024-05-10 10:00', 'System', '2024-05-10 10:00', 'System', 0, 300),
(341, 'F', 'F-04-01', '? 300 Kg', '2024-05-10 10:00', 'System', '2024-05-10 10:00', 'System', 0, 500),
(342, 'F', 'F-04-02', '? 300 Kg', '2024-05-10 10:00', 'System', '2024-05-10 10:00', 'System', 0, 500),
(343, 'F', 'F-04-03', '? 300 Kg', '2024-05-10 10:00', 'System', '2024-05-10 10:00', 'System', 0, 500),
(344, 'F', 'F-04-04', '? 300 Kg', '2024-05-10 10:00', 'System', '2024-05-10 10:00', 'System', 0, 500),
(345, 'F', 'F-04-05', '? 300 Kg', '2024-05-10 10:00', 'System', '2024-05-10 10:00', 'System', 0, 500),
(346, 'F', 'F-04-06', '? 300 Kg', '2024-05-10 10:00', 'System', '2024-05-10 10:00', 'System', 0, 500),
(347, 'F', 'F-04-07', '? 300 Kg', '2024-05-10 10:00', 'System', '2024-05-10 10:00', 'System', 0, 500),
(348, 'F', 'F-04-08', '? 300 Kg', '2024-05-10 10:00', 'System', '2024-05-10 10:00', 'System', 0, 500),
(349, 'F', 'F-04-09', '? 300 Kg', '2024-05-10 10:00', 'System', '2024-05-10 10:00', 'System', 0, 500),
(350, 'F', 'F-04-10', '? 300 Kg', '2024-05-10 10:00', 'System', '2024-05-10 10:00', 'System', 0, 500),
(351, 'F', 'F-04-11', '? 300 Kg', '2024-05-10 10:00', 'System', '2024-05-10 10:00', 'System', 0, 500),
(352, 'F', 'F-04-12', '? 300 Kg', '2024-05-10 10:00', 'System', '2024-05-10 10:00', 'System', 0, 500),
(353, 'G', 'G-01-01', '', '2024-05-10 10:00', 'System', '2024-05-10 10:00', 'System', 0, 500),
(354, 'G', 'G-01-02', '', '2024-05-10 10:00', 'System', '2024-05-10 10:00', 'System', 0, 500),
(355, 'G', 'G-01-03', '', '2024-05-10 10:00', 'System', '2024-05-10 10:00', 'System', 0, 500),
(356, 'G', 'G-01-04', '', '2024-05-10 10:00', 'System', '2024-05-10 10:00', 'System', 0, 500),
(357, 'G', 'G-02-01', '', '2024-05-10 10:00', 'System', '2024-05-10 10:00', 'System', 0, 500),
(358, 'G', 'G-02-02', '', '2024-05-10 10:00', 'System', '2024-05-10 10:00', 'System', 0, 500),
(359, 'G', 'G-02-03', '', '2024-05-10 10:00', 'System', '2024-05-10 10:00', 'System', 0, 500),
(360, 'G', 'G-02-04', '', '2024-05-10 10:00', 'System', '2024-05-10 10:00', 'System', 0, 500),
(361, 'G', 'G-03-01', '', '2024-05-10 10:00', 'System', '2024-05-10 10:00', 'System', 0, 500),
(362, 'G', 'G-03-02', '', '2024-05-10 10:00', 'System', '2024-05-10 10:00', 'System', 0, 500),
(363, 'G', 'G-03-03', '', '2024-05-10 10:00', 'System', '2024-05-10 10:00', 'System', 0, 500),
(364, 'G', 'G-03-04', '', '2024-05-10 10:00', 'System', '2024-05-10 10:00', 'System', 0, 500),
(365, 'G', 'G-04-01', '', '2024-05-10 10:00', 'System', '2024-05-10 10:00', 'System', 0, 500),
(366, 'G', 'G-04-02', '', '2024-05-10 10:00', 'System', '2024-05-10 10:00', 'System', 0, 500),
(367, 'G', 'G-04-03', '', '2024-05-10 10:00', 'System', '2024-05-10 10:00', 'System', 0, 500),
(368, 'G', 'G-04-04', '', '2024-05-10 10:00', 'System', '2024-05-10 10:00', 'System', 0, 500),
(369, 'G', 'G-05-01', '', '2024-05-10 10:00', 'System', '2024-05-10 10:00', 'System', 0, 500),
(370, 'G', 'G-05-02', '', '2024-05-10 10:00', 'System', '2024-05-10 10:00', 'System', 0, 500),
(371, 'G', 'G-05-03', '', '2024-05-10 10:00', 'System', '2024-05-10 10:00', 'System', 0, 500),
(372, 'G', 'G-05-04', '', '2024-05-10 10:00', 'System', '2024-05-10 10:00', 'System', 0, 500),
(373, 'H', 'H-01-01', '', '2024-05-10 10:00', 'System', '2024-05-10 10:00', 'System', 0, 500),
(374, 'H', 'H-01-02', '', '2024-05-10 10:00', 'System', '2024-05-10 10:00', 'System', 0, 500),
(375, 'H', 'H-01-03', '', '2024-05-10 10:00', 'System', '2024-05-10 10:00', 'System', 0, 500),
(376, 'H', 'H-01-04', '', '2024-05-10 10:00', 'System', '2024-05-10 10:00', 'System', 0, 500),
(377, 'H', 'H-02-01', '', '2024-05-10 10:00', 'System', '2024-05-10 10:00', 'System', 0, 500),
(378, 'H', 'H-02-02', '', '2024-05-10 10:00', 'System', '2024-05-10 10:00', 'System', 0, 500),
(379, 'H', 'H-02-03', '', '2024-05-10 10:00', 'System', '2024-05-10 10:00', 'System', 0, 500),
(380, 'H', 'H-02-04', '', '2024-05-10 10:00', 'System', '2024-05-10 10:00', 'System', 0, 500),
(381, 'H', 'H-03-01', '', '2024-05-10 10:00', 'System', '2024-05-10 10:00', 'System', 0, 500),
(382, 'H', 'H-03-02', '', '2024-05-10 10:00', 'System', '2024-05-10 10:00', 'System', 0, 500),
(383, 'H', 'H-03-03', '', '2024-05-10 10:00', 'System', '2024-05-10 10:00', 'System', 0, 500),
(384, 'H', 'H-03-04', '', '2024-05-10 10:00', 'System', '2024-05-10 10:00', 'System', 0, 500),
(385, 'H', 'H-04-01', '', '2024-05-10 10:00', 'System', '2024-05-10 10:00', 'System', 0, 500),
(386, 'H', 'H-04-02', '', '2024-05-10 10:00', 'System', '2024-05-10 10:00', 'System', 0, 500),
(387, 'H', 'H-04-03', '', '2024-05-10 10:00', 'System', '2024-05-10 10:00', 'System', 0, 500),
(388, 'H', 'H-04-04', '', '2024-05-10 10:00', 'System', '2024-05-10 10:00', 'System', 0, 500),
(389, 'H', 'H-05-01', '', '2024-05-10 10:00', 'System', '2024-05-10 10:00', 'System', 0, 500),
(390, 'H', 'H-05-02', '', '2024-05-10 10:00', 'System', '2024-05-10 10:00', 'System', 0, 500),
(391, 'H', 'H-05-03', '', '2024-05-10 10:00', 'System', '2024-05-10 10:00', 'System', 0, 500),
(392, 'H', 'H-05-04', '', '2024-05-10 10:00', 'System', '2024-05-10 10:00', 'System', 0, 500),
(393, 'I', 'I-01-01', '', '2024-05-10 10:00', 'System', '2024-05-10 10:00', 'System', 0, 500),
(394, 'I', 'I-01-02', '', '2024-05-10 10:00', 'System', '2024-05-10 10:00', 'System', 0, 500),
(395, 'I', 'I-01-03', '', '2024-05-10 10:00', 'System', '2024-05-10 10:00', 'System', 0, 500),
(396, 'I', 'I-01-04', '', '2024-05-10 10:00', 'System', '2024-05-10 10:00', 'System', 0, 500),
(397, 'I', 'I-02-01', '', '2024-05-10 10:00', 'System', '2024-05-10 10:00', 'System', 0, 500),
(398, 'I', 'I-02-02', '', '2024-05-10 10:00', 'System', '2024-05-10 10:00', 'System', 0, 500),
(399, 'I', 'I-02-03', '', '2024-05-10 10:00', 'System', '2024-05-10 10:00', 'System', 0, 500),
(400, 'I', 'I-02-04', '', '2024-05-10 10:00', 'System', '2024-05-10 10:00', 'System', 0, 500),
(401, 'I', 'I-03-01', '', '2024-05-10 10:00', 'System', '2024-05-10 10:00', 'System', 0, 500),
(402, 'I', 'I-03-02', '', '2024-05-10 10:00', 'System', '2024-05-10 10:00', 'System', 0, 500),
(403, 'I', 'I-03-03', '', '2024-05-10 10:00', 'System', '2024-05-10 10:00', 'System', 0, 500),
(404, 'I', 'I-03-04', '', '2024-05-10 10:00', 'System', '2024-05-10 10:00', 'System', 0, 500),
(405, 'I', 'I-04-01', '', '2024-05-10 10:00', 'System', '2024-05-10 10:00', 'System', 0, 500),
(406, 'I', 'I-04-02', '', '2024-05-10 10:00', 'System', '2024-05-10 10:00', 'System', 0, 500),
(407, 'I', 'I-04-03', '', '2024-05-10 10:00', 'System', '2024-05-10 10:00', 'System', 0, 500),
(408, 'I', 'I-04-04', '', '2024-05-10 10:00', 'System', '2024-05-10 10:00', 'System', 0, 500),
(409, 'I', 'I-05-01', '', '2024-05-10 10:00', 'System', '2024-05-10 10:00', 'System', 0, 500),
(410, 'I', 'I-05-02', '', '2024-05-10 10:00', 'System', '2024-05-10 10:00', 'System', 0, 500),
(411, 'I', 'I-05-03', '', '2024-05-10 10:00', 'System', '2024-05-10 10:00', 'System', 0, 500),
(412, 'I', 'I-05-04', '', '2024-05-10 10:00', 'System', '2024-05-10 10:00', 'System', 0, 500),
(413, 'J', 'J-01-01', '', '2024-05-10 10:00', 'System', '2024-05-10 10:00', 'System', 0, 500),
(414, 'J', 'J-01-02', '', '2024-05-10 10:00', 'System', '2024-05-10 10:00', 'System', 0, 500),
(415, 'J', 'J-01-03', '', '2024-05-10 10:00', 'System', '2024-05-10 10:00', 'System', 0, 500),
(416, 'J', 'J-01-04', '', '2024-05-10 10:00', 'System', '2024-05-10 10:00', 'System', 0, 500),
(417, 'J', 'J-02-01', '', '2024-05-10 10:00', 'System', '2024-05-10 10:00', 'System', 0, 500),
(418, 'J', 'J-02-02', '', '2024-05-10 10:00', 'System', '2024-05-10 10:00', 'System', 0, 500),
(419, 'J', 'J-02-03', '', '2024-05-10 10:00', 'System', '2024-05-10 10:00', 'System', 0, 500),
(420, 'J', 'J-02-04', '', '2024-05-10 10:00', 'System', '2024-05-10 10:00', 'System', 0, 500),
(421, 'J', 'J-03-01', '', '2024-05-10 10:00', 'System', '2024-05-10 10:00', 'System', 0, 500),
(422, 'J', 'J-03-02', '', '2024-05-10 10:00', 'System', '2024-05-10 10:00', 'System', 0, 500),
(423, 'J', 'J-03-03', '', '2024-05-10 10:00', 'System', '2024-05-10 10:00', 'System', 0, 500),
(424, 'J', 'J-03-04', '', '2024-05-10 10:00', 'System', '2024-05-10 10:00', 'System', 0, 500),
(425, 'J', 'J-04-01', '', '2024-05-10 10:00', 'System', '2024-05-10 10:00', 'System', 0, 500),
(426, 'J', 'J-04-02', '', '2024-05-10 10:00', 'System', '2024-05-10 10:00', 'System', 0, 500),
(427, 'J', 'J-04-03', '', '2024-05-10 10:00', 'System', '2024-05-10 10:00', 'System', 0, 500),
(428, 'J', 'J-04-04', '', '2024-05-10 10:00', 'System', '2024-05-10 10:00', 'System', 0, 500),
(429, 'J', 'J-05-01', '', '2024-05-10 10:00', 'System', '2024-05-10 10:00', 'System', 0, 500),
(430, 'J', 'J-05-02', '', '2024-05-10 10:00', 'System', '2024-05-10 10:00', 'System', 0, 500),
(431, 'J', 'J-05-03', '', '2024-05-10 10:00', 'System', '2024-05-10 10:00', 'System', 0, 500),
(432, 'J', 'J-05-04', '', '2024-05-10 10:00', 'System', '2024-05-10 10:00', 'System', 0, 500),
(433, 'K', 'K-01-01', '', '2024-05-10 10:00', 'System', '2024-05-10 10:00', 'System', 0, 500),
(434, 'K', 'K-01-02', '', '2024-05-10 10:00', 'System', '2024-05-10 10:00', 'System', 0, 500),
(435, 'K', 'K-01-03', '', '2024-05-10 10:00', 'System', '2024-05-10 10:00', 'System', 0, 500),
(436, 'K', 'K-01-04', '', '2024-05-10 10:00', 'System', '2024-05-10 10:00', 'System', 0, 500),
(437, 'K', 'K-02-01', '', '2024-05-10 10:00', 'System', '2024-05-10 10:00', 'System', 0, 500),
(438, 'K', 'K-02-02', '', '2024-05-10 10:00', 'System', '2024-05-10 10:00', 'System', 0, 500),
(439, 'K', 'K-02-03', '', '2024-05-10 10:00', 'System', '2024-05-10 10:00', 'System', 0, 500),
(440, 'K', 'K-02-04', '', '2024-05-10 10:00', 'System', '2024-05-10 10:00', 'System', 0, 500),
(441, 'K', 'K-03-01', '', '2024-05-10 10:00', 'System', '2024-05-10 10:00', 'System', 0, 500),
(442, 'K', 'K-03-02', '', '2024-05-10 10:00', 'System', '2024-05-10 10:00', 'System', 0, 500),
(443, 'K', 'K-03-03', '', '2024-05-10 10:00', 'System', '2024-05-10 10:00', 'System', 0, 500),
(444, 'K', 'K-03-04', '', '2024-05-10 10:00', 'System', '2024-05-10 10:00', 'System', 0, 500),
(445, 'K', 'K-04-01', '', '2024-05-10 10:00', 'System', '2024-05-10 10:00', 'System', 0, 500),
(446, 'K', 'K-04-02', '', '2024-05-10 10:00', 'System', '2024-05-10 10:00', 'System', 0, 500),
(447, 'K', 'K-04-03', '', '2024-05-10 10:00', 'System', '2024-05-10 10:00', 'System', 0, 500),
(448, 'K', 'K-04-04', '', '2024-05-10 10:00', 'System', '2024-05-10 10:00', 'System', 0, 500),
(449, 'K', 'K-05-01', '', '2024-05-10 10:00', 'System', '2024-05-10 10:00', 'System', 0, 500),
(450, 'K', 'K-05-02', '', '2024-05-10 10:00', 'System', '2024-05-10 10:00', 'System', 0, 500),
(451, 'K', 'K-05-03', '', '2024-05-10 10:00', 'System', '2024-05-10 10:00', 'System', 0, 500),
(452, 'K', 'K-05-04', '', '2024-05-10 10:00', 'System', '2024-05-10 10:00', 'System', 0, 500),
(453, 'Receiving', 'REC-01', '', '2024-05-10 10:00', 'System', '2024-05-10 10:00', 'System', 0, 500),
(454, 'Gangway area', 'GW A-B', '', '2024-05-10 10:00', 'System', '2024-05-10 10:00', 'System', 0, 500),
(455, 'Gangway area', 'GW C-D', '', '2024-05-10 10:00', 'System', '2024-05-10 10:00', 'System', 0, 500),
(456, 'Gangway area', 'GW E-F', '', '2024-05-10 10:00', 'System', '2024-05-10 10:00', 'System', 0, 500),
(457, 'KITTING AREA', 'DAY-1', '', '2024-05-10 10:00', 'System', '2024-05-10 10:00', 'System', 0, 500),
(458, 'KITTING AREA', 'D-DAY', '', '2024-05-10 10:00', 'System', '2024-05-10 10:00', 'System', 0, 500),
(459, 'CHEMICAL CHOLD STORAGE', 'CHEM COLD-01', '', '2024-05-10 10:00', 'System', '2024-05-10 10:00', 'System', 0, 500),
(460, 'CHEMICAL AREA 1', 'CHEM-01', '', '2024-05-10 10:00', 'System', '2024-05-10 10:00', 'System', 0, 500),
(461, 'RETURN AREA', 'RET-01', '', '2024-05-10 10:00', 'System', '2024-05-10 10:00', 'System', 0, 500),
(462, 'QUALITY AREA', 'QUAR-01', '', '2024-05-10 10:00', 'System', '2024-05-10 10:00', 'System', 0, 500),
(463, 'QUALITY AREA', 'INTR-01', '', '2024-05-10 10:00', 'System', '2024-05-10 10:00', 'System', 0, 500),
(464, 'QUALITY AREA', 'SORT-01', '', '2024-05-10 10:00', 'System', '2024-05-10 10:00', 'System', 0, 500);



--
-- Indexes for table `box`
--
ALTER TABLE `box`
  ADD PRIMARY KEY (`id_box`);

--
-- Indexes for table `box_detail`
--
ALTER TABLE `box_detail`
  ADD PRIMARY KEY (`id_box_detail`);

--
-- Indexes for table `list_storage`
--
ALTER TABLE `list_storage`
  ADD PRIMARY KEY (`id`);


--
-- Indexes for table `receiving_material`
--
ALTER TABLE `receiving_material`
  ADD PRIMARY KEY (`id`);

--
-- Indexes for table `receiving_material_temp`
--
ALTER TABLE `receiving_material_temp`
  ADD PRIMARY KEY (`id`);

--
-- Indexes for table `storage`
--

ALTER TABLE `storage`
  ADD PRIMARY KEY (`Id_storage`);

--
-- AUTO_INCREMENT for table `box`
--

ALTER TABLE `box`
  MODIFY `id_box` int NOT NULL AUTO_INCREMENT, AUTO_INCREMENT=8;

--
-- AUTO_INCREMENT for table `box_detail`
--

ALTER TABLE `box_detail`
  MODIFY `id_box_detail` int NOT NULL AUTO_INCREMENT, AUTO_INCREMENT=14;

--
-- AUTO_INCREMENT for table `list_storage`
--

ALTER TABLE `list_storage`
  MODIFY `id` int NOT NULL AUTO_INCREMENT, AUTO_INCREMENT=14;

--
-- AUTO_INCREMENT for table `receiving_material`
--

ALTER TABLE `receiving_material`
  MODIFY `id` int NOT NULL AUTO_INCREMENT, AUTO_INCREMENT=14;

--
-- AUTO_INCREMENT for table `receiving_material_temp`
--

ALTER TABLE `receiving_material_temp`
  MODIFY `id` int NOT NULL AUTO_INCREMENT, AUTO_INCREMENT=41;

--
-- AUTO_INCREMENT for table `storage`
--

ALTER TABLE `storage`
  MODIFY `Id_storage` int NOT NULL AUTO_INCREMENT, AUTO_INCREMENT=465;