-- phpMyAdmin SQL Dump
-- version 5.2.1
-- https://www.phpmyadmin.net/
--
-- Host: localhost
-- Generation Time: Jun 01, 2024 at 10:50 PM
-- Server version: 8.0.30
-- PHP Version: 7.4.9

SET SQL_MODE = "NO_AUTO_VALUE_ON_ZERO";
START TRANSACTION;
SET time_zone = "+00:00";


/*!40101 SET @OLD_CHARACTER_SET_CLIENT=@@CHARACTER_SET_CLIENT */;
/*!40101 SET @OLD_CHARACTER_SET_RESULTS=@@CHARACTER_SET_RESULTS */;
/*!40101 SET @OLD_COLLATION_CONNECTION=@@COLLATION_CONNECTION */;
/*!40101 SET NAMES utf8mb4 */;

--
-- Database: `valeo`
--


CREATE TABLE `box` (
  `id` int NOT NULL,
  `no_box` varchar(255) NOT NULL,
  `weight` decimal(10,2) NOT NULL,
  `sloc` varchar(255) NOT NULL,
  `crtby` varchar(255) NOT NULL,
  `crtdt` datetime NOT NULL
);

INSERT INTO `box` (`id`, `no_box`, `weight`, `sloc`, `crtby`, `crtdt`) VALUES
  (2, 'A0000002', 400.00, '3', 'Prime', '2024-06-02 02:48:01'),
  (3, 'A0000003', 100.00, '3', 'Prime', '2024-06-02 02:48:56'),
  (4, 'A0000004', 400.00, '18', 'Prime', '2024-06-02 02:53:25'),
  (6, 'A0000006', 100.00, '3', 'Prime', '2024-06-02 02:57:52'),
  (7, 'A0000007', 100.00, '3', 'Prime', '2024-06-02 02:59:20'),
  (8, 'A0000008', 100.00, '3', 'Prime', '2024-06-02 03:00:33'),
  (11, 'A0000011', 100.00, '3', 'Prime', '2024-06-02 03:03:59'),
  (12, 'A0000012', 100.00, '3', 'Prime', '2024-06-02 03:05:22'),
  (13, 'A0000013', 400.00, '3', 'Prime', '2024-06-02 03:06:03'),
  (14, 'A0000014', 500.00, '3', 'Prime', '2024-06-02 03:10:13'),
  (15, 'A0000015', 500.00, '3', 'Prime', '2024-06-02 03:14:53'),
  (16, 'A0000016', 514.00, '2', 'Prime', '2024-06-02 03:15:16'),
  (17, 'A0000017', 500.00, '3', 'Prime', '2024-06-02 03:16:48'),
  (18, 'A0000018', 500.00, '3', 'Prime', '2024-06-02 03:17:36'),
  (19, 'A0000019', 514.00, '1', 'Prime', '2024-06-02 03:18:08'),
  (20, 'A0000020', 514.00, '1', 'Prime', '2024-06-02 03:18:52'),
  (21, 'A0000021', 400.00, '3', 'Prime', '2024-06-02 03:19:45'),
  (22, 'A0000022', 100.00, '3', 'Prime', '2024-06-02 03:20:23'),
  (23, 'A0000023', 514.00, '1', 'Prime', '2024-06-02 03:20:45'),
  (24, 'A0000024', 500.00, '3', 'Prime', '2024-06-02 03:21:09'),
  (25, 'A0000025', 400.00, '3', 'Prime', '2024-06-02 03:21:30'),
  (26, 'A0000026', 400.00, '3', 'Prime', '2024-06-02 03:21:55'),
  (27, 'A0000027', 500.00, '3', 'Prime', '2024-06-02 03:22:06'),
  (28, 'A0000028', 500.00, '3', 'Prime', '2024-06-02 03:23:00'),
  (29, 'A0000029', 400.00, '3', 'Prime', '2024-06-02 03:26:26'),
  (30, 'A0000030', 514.00, '1', 'Prime', '2024-06-02 03:31:02'),
  (31, 'A0000031', 500.00, '3', 'Prime', '2024-06-02 03:31:30'),
  (32, 'A0000032', 500.00, '3', 'Prime', '2024-06-02 03:35:55'),
  (33, 'A0000033', 500.00, '3', 'Prime', '2024-06-02 03:36:45'),
  (34, 'A0000034', 100.00, '3', 'Prime', '2024-06-02 03:37:00'),
  (35, 'A0000035', 514.00, '1', 'Prime', '2024-06-02 03:41:00'),
  (36, 'A0000036', 400.00, '3', 'Prime', '2024-06-02 03:41:47'),
  (37, 'A0000037', 500.00, '3', 'Prime', '2024-06-02 03:44:05'),
  (38, 'A0000038', 500.00, '3', 'Prime', '2024-06-02 03:45:45'),
  (39, 'A0000039', 400.00, '3', 'Prime', '2024-06-02 03:46:28'),
  (40, 'A0000040', 400.00, '3', 'Prime', '2024-06-02 03:48:28'),
  (41, 'A0000041', 400.00, '3', 'Prime', '2024-06-02 03:48:43'),
  (42, 'A0000042', 400.00, '3', 'Prime', '2024-06-02 03:49:20'),
  (43, 'A0000043', 400.00, '3', 'Prime', '2024-06-02 03:50:33'),
  (44, 'A0000044', 400.00, '3', 'Prime', '2024-06-02 05:08:37'),
  (45, 'A0000045', 400.00, '3', 'Prime', '2024-06-02 05:08:46');

CREATE TABLE `box_detail` (
  `id_box_detail` int NOT NULL,
  `id_box` int NOT NULL,
  `id_material` varchar(128) NOT NULL,
  `material_desc` varchar(128) NOT NULL,
  `crtdt` varchar(128) NOT NULL,
  `crtby` varchar(128) NOT NULL,
  `uptdt` varchar(128) NOT NULL,
  `uptby` varchar(128) NOT NULL
);

INSERT INTO `box_detail` (`id_box_detail`, `id_box`, `id_material`, `material_desc`, `crtdt`, `crtby`, `uptdt`, `uptby`) VALUES
  (1, 2, 'G4022605342', 'F/BRACKET M/C.BOBCAT V2607', '2024-05-31 03:00:43', 'Prime', '2024-05-31 03:02:15', 'Prime'),
  (2, 2, 'S0641221871', 'DRIVE SHAFT MC.TSL14', '2024-05-31 03:00:43', 'Prime', '2024-06-02 00:01:10', 'Prime'),
  (3, 2, 'S0151215894', 'INTERNAL GEAR ASSY. TSL12', '2024-05-31 03:01:00', 'Prime', '', ''),
  (4, 3, 'S0151215894', 'INTERNAL GEAR ASSY. TSL12', '2024-05-31 15:50:20', 'Prime', '', ''),
  (5, 3, 'TM303C01103', 'S/ROLLER ASS\'Y.MELROE', '2024-05-31 15:50:20', 'Prime', '', ''),
  (6, 4, 'M302C0031', 'PINION ASS\'Y.?? 22HP', '2024-06-01 23:52:00', 'Prime', '', ''),
  (7, 5, 'M302C0031', 'PINION ASS\'Y.?? 22HP', '2024-06-01 23:53:48', 'Prime', '', ''),
  (8, 6, 'TM303C01103', 'S/ROLLER ASS\'Y.MELROE', '2024-06-02 01:40:31', 'Prime', '', ''),
  (9, 6, 'M302C0031', 'PINION ASS\'Y.?? 22HP', '2024-06-02 01:40:31', 'Prime', '', ''),
  (10, 7, 'TM303C01103', 'S/ROLLER ASS\'Y.MELROE', '2024-06-02 02:10:00', 'Prime', '', ''),
  (11, 7, 'M302C0031', 'PINION ASS\'Y.?? 22HP', '2024-06-02 02:10:00', 'Prime', '', ''),
  (12, 7, 'G0002655750P', 'COMPLETE F/HOUSING.THETA-FR.TG11', '2024-06-02 02:10:00', 'Prime', '', ''),
  (13, 7, 'TM303C01103', 'S/ROLLER ASS\'Y.MELROE', '2024-06-02 02:10:00', 'Prime', '', ''),
  (14, 8, 'TM303C01103', 'S/ROLLER ASS\'Y.MELROE', '2024-06-02 02:10:39', 'Prime', '', ''),
  (15, 8, 'M302C0031', 'PINION ASS\'Y.?? 22HP', '2024-06-02 02:10:39', 'Prime', '', ''),
  (16, 8, 'G0002655750P', 'COMPLETE F/HOUSING.THETA-FR.TG11', '2024-06-02 02:10:39', 'Prime', '', ''),
  (17, 8, 'TM303C01103', 'S/ROLLER ASS\'Y.MELROE', '2024-06-02 02:10:39', 'Prime', '', ''),
  (18, 9, 'TM303C01103', 'S/ROLLER ASS\'Y.MELROE', '2024-06-02 02:12:02', 'Prime', '', ''),
  (19, 9, 'M302C0031', 'PINION ASS\'Y.?? 22HP', '2024-06-02 02:12:02', 'Prime', '', ''),
  (20, 9, 'G0002655750P', 'COMPLETE F/HOUSING.THETA-FR.TG11', '2024-06-02 02:12:02', 'Prime', '', ''),
  (21, 9, 'TM303C01103', 'S/ROLLER ASS\'Y.MELROE', '2024-06-02 02:12:02', 'Prime', '', ''),
  (22, 10, 'TM303C01103', 'S/ROLLER ASS\'Y.MELROE', '2024-06-02 02:12:55', 'Prime', '', ''),
  (23, 10, 'M302C0031', 'PINION ASS\'Y.?? 22HP', '2024-06-02 02:12:55', 'Prime', '', ''),
  (24, 10, 'G0002655750P', 'COMPLETE F/HOUSING.THETA-FR.TG11', '2024-06-02 02:12:55', 'Prime', '', ''),
  (25, 10, 'TM303C01103', 'S/ROLLER ASS\'Y.MELROE', '2024-06-02 02:12:55', 'Prime', '', ''),
  (26, 11, 'TM303C01103', 'S/ROLLER ASS\'Y.MELROE', '2024-06-02 02:14:39', 'Prime', '', ''),
  (27, 11, 'M302C0031', 'PINION ASS\'Y.?? 22HP', '2024-06-02 02:14:39', 'Prime', '', ''),
  (28, 11, 'G0002655750P', 'COMPLETE F/HOUSING.THETA-FR.TG11', '2024-06-02 02:14:39', 'Prime', '', ''),
  (29, 11, 'TM303C01103', 'S/ROLLER ASS\'Y.MELROE', '2024-06-02 02:14:39', 'Prime', '', ''),
  (30, 12, 'TM303C01103', 'S/ROLLER ASS\'Y.MELROE', '2024-06-02 02:15:37', 'Prime', '', ''),
  (31, 12, 'M302C0031', 'PINION ASS\'Y.?? 22HP', '2024-06-02 02:15:37', 'Prime', '', ''),
  (32, 12, 'G0002655750P', 'COMPLETE F/HOUSING.THETA-FR.TG11', '2024-06-02 02:15:37', 'Prime', '', ''),
  (33, 12, 'TM303C01103', 'S/ROLLER ASS\'Y.MELROE', '2024-06-02 02:15:37', 'Prime', '', ''),
  (34, 13, 'TM303C01103', 'S/ROLLER ASS\'Y.MELROE', '2024-06-02 02:16:55', 'Prime', '', ''),
  (35, 13, 'M302C0031', 'PINION ASS\'Y.?? 22HP', '2024-06-02 02:16:55', 'Prime', '', ''),
  (36, 13, 'G0002655750P', 'COMPLETE F/HOUSING.THETA-FR.TG11', '2024-06-02 02:16:55', 'Prime', '', ''),
  (37, 13, 'TM303C01103', 'S/ROLLER ASS\'Y.MELROE', '2024-06-02 02:16:55', 'Prime', '', ''),
  (38, 14, 'TM303C01103', 'S/ROLLER ASS\'Y.MELROE', '2024-06-02 02:20:01', 'Prime', '', ''),
  (39, 14, 'M302C0031', 'PINION ASS\'Y.?? 22HP', '2024-06-02 02:20:01', 'Prime', '', ''),
  (40, 14, 'G0002655750P', 'COMPLETE F/HOUSING.THETA-FR.TG11', '2024-06-02 02:20:01', 'Prime', '', ''),
  (41, 14, 'TM303C01103', 'S/ROLLER ASS\'Y.MELROE', '2024-06-02 02:20:01', 'Prime', '', ''),
  (42, 15, 'TM303C01103', 'S/ROLLER ASS\'Y.MELROE', '2024-06-02 02:20:18', 'Prime', '', ''),
  (43, 15, 'M302C0031', 'PINION ASS\'Y.?? 22HP', '2024-06-02 02:20:18', 'Prime', '', ''),
  (44, 15, 'G0002655750P', 'COMPLETE F/HOUSING.THETA-FR.TG11', '2024-06-02 02:20:18', 'Prime', '', ''),
  (45, 15, 'TM303C01103', 'S/ROLLER ASS\'Y.MELROE', '2024-06-02 02:20:18', 'Prime', '', ''),
  (46, 16, 'TM303C01103', 'S/ROLLER ASS\'Y.MELROE', '2024-06-02 02:21:14', 'Prime', '', ''),
  (47, 16, 'M302C0031', 'PINION ASS\'Y.?? 22HP', '2024-06-02 02:21:14', 'Prime', '', ''),
  (48, 16, 'G0002655750P', 'COMPLETE F/HOUSING.THETA-FR.TG11', '2024-06-02 02:21:14', 'Prime', '', ''),
  (49, 16, 'TM303C01103', 'S/ROLLER ASS\'Y.MELROE', '2024-06-02 02:21:14', 'Prime', '', ''),
  (50, 17, 'TM303C01103', 'S/ROLLER ASS\'Y.MELROE', '2024-06-02 02:21:28', 'Prime', '', ''),
  (51, 17, 'M302C0031', 'PINION ASS\'Y.?? 22HP', '2024-06-02 02:21:28', 'Prime', '', ''),
  (52, 17, 'G0002655750P', 'COMPLETE F/HOUSING.THETA-FR.TG11', '2024-06-02 02:21:28', 'Prime', '', ''),
  (53, 17, 'TM303C01103', 'S/ROLLER ASS\'Y.MELROE', '2024-06-02 02:21:28', 'Prime', '', ''),
  (54, 18, 'TM303C01103', 'S/ROLLER ASS\'Y.MELROE', '2024-06-02 02:22:23', 'Prime', '', ''),
  (55, 18, 'M302C0031', 'PINION ASS\'Y.?? 22HP', '2024-06-02 02:22:23', 'Prime', '', ''),
  (56, 18, 'G0002655750P', 'COMPLETE F/HOUSING.THETA-FR.TG11', '2024-06-02 02:22:23', 'Prime', '', ''),
  (57, 18, 'TM303C01103', 'S/ROLLER ASS\'Y.MELROE', '2024-06-02 02:22:23', 'Prime', '', ''),
  (58, 19, 'TM303C01103', 'S/ROLLER ASS\'Y.MELROE', '2024-06-02 02:27:38', 'Prime', '', ''),
  (59, 20, 'TM303C01103', 'S/ROLLER ASS\'Y.MELROE', '2024-06-02 02:32:09', 'Prime', '', ''),
  (60, 20, 'M302C0031', 'PINION ASS\'Y.?? 22HP', '2024-06-02 02:32:09', 'Prime', '', ''),
  (61, 21, 'TM303C01103', 'S/ROLLER ASS\'Y.MELROE', '2024-06-02 02:41:06', 'Prime', '', ''),
  (62, 21, 'M302C0031', 'PINION ASS\'Y.?? 22HP', '2024-06-02 02:41:06', 'Prime', '', ''),
  (63, 22, 'TM303C01103', 'S/ROLLER ASS\'Y.MELROE', '2024-06-02 02:41:22', 'Prime', '', ''),
  (64, 22, 'M302C0031', 'PINION ASS\'Y.?? 22HP', '2024-06-02 02:41:22', 'Prime', '', ''),
  (65, 23, 'TM303C01103', 'S/ROLLER ASS\'Y.MELROE', '2024-06-02 02:42:53', 'Prime', '', ''),
  (66, 23, 'M302C0031', 'PINION ASS\'Y.?? 22HP', '2024-06-02 02:42:53', 'Prime', '', ''),
  (67, 24, 'TM303C01103', 'S/ROLLER ASS\'Y.MELROE', '2024-06-02 02:44:08', 'Prime', '', ''),
  (68, 24, 'M302C0031', 'PINION ASS\'Y.?? 22HP', '2024-06-02 02:44:08', 'Prime', '', ''),
  (69, 1, 'TM303C01103', 'S/ROLLER ASS\'Y.MELROE', '2024-06-02 02:47:28', 'Prime', '', ''),
  (70, 1, 'M302C0031', 'PINION ASS\'Y.?? 22HP', '2024-06-02 02:47:28', 'Prime', '', ''),
  (71, 2, 'TM303C01103', 'S/ROLLER ASS\'Y.MELROE', '2024-06-02 02:48:01', 'Prime', '', ''),
  (72, 3, 'TM303C01103', 'S/ROLLER ASS\'Y.MELROE', '2024-06-02 02:48:56', 'Prime', '', ''),
  (73, 4, 'TM303C01103', 'S/ROLLER ASS\'Y.MELROE', '2024-06-02 02:53:25', 'Prime', '', ''),
  (74, 5, 'TM303C01103', 'S/ROLLER ASS\'Y.MELROE', '2024-06-02 02:54:01', 'Prime', '', ''),
  (75, 6, 'TM303C01103', 'S/ROLLER ASS\'Y.MELROE', '2024-06-02 02:57:52', 'Prime', '', ''),
  (76, 7, 'TM303C01103', 'S/ROLLER ASS\'Y.MELROE', '2024-06-02 02:59:20', 'Prime', '', ''),
  (77, 8, 'TM303C01103', 'S/ROLLER ASS\'Y.MELROE', '2024-06-02 03:00:33', 'Prime', '', ''),
  (78, 9, 'TM303C01103', 'S/ROLLER ASS\'Y.MELROE', '2024-06-02 03:01:54', 'Prime', '', ''),
  (79, 10, 'TM303C01103', 'S/ROLLER ASS\'Y.MELROE', '2024-06-02 03:03:25', 'Prime', '', ''),
  (80, 11, 'TM303C01103', 'S/ROLLER ASS\'Y.MELROE', '2024-06-02 03:03:59', 'Prime', '', ''),
  (81, 12, 'TM303C01103', 'S/ROLLER ASS\'Y.MELROE', '2024-06-02 03:05:22', 'Prime', '', ''),
  (82, 13, 'TM303C01103', 'S/ROLLER ASS\'Y.MELROE', '2024-06-02 03:06:03', 'Prime', '', ''),
  (83, 14, 'TM303C01103', 'S/ROLLER ASS\'Y.MELROE', '2024-06-02 03:10:13', 'Prime', '', ''),
  (84, 15, 'TM303C01103', 'S/ROLLER ASS\'Y.MELROE', '2024-06-02 03:14:53', 'Prime', '', ''),
  (85, 16, 'TM303C01103', 'S/ROLLER ASS\'Y.MELROE', '2024-06-02 03:15:16', 'Prime', '', ''),
  (86, 17, 'TM303C01103', 'S/ROLLER ASS\'Y.MELROE', '2024-06-02 03:16:48', 'Prime', '', ''),
  (87, 18, 'TM303C01103', 'S/ROLLER ASS\'Y.MELROE', '2024-06-02 03:17:36', 'Prime', '', ''),
  (88, 19, 'TM303C01103', 'S/ROLLER ASS\'Y.MELROE', '2024-06-02 03:18:08', 'Prime', '', ''),
  (89, 20, 'TM303C01103', 'S/ROLLER ASS\'Y.MELROE', '2024-06-02 03:18:52', 'Prime', '', ''),
  (90, 21, 'TM303C01103', 'S/ROLLER ASS\'Y.MELROE', '2024-06-02 03:19:45', 'Prime', '', ''),
  (91, 22, 'TM303C01103', 'S/ROLLER ASS\'Y.MELROE', '2024-06-02 03:20:23', 'Prime', '', ''),
  (92, 23, 'TM303C01103', 'S/ROLLER ASS\'Y.MELROE', '2024-06-02 03:20:45', 'Prime', '', ''),
  (93, 24, 'TM303C01103', 'S/ROLLER ASS\'Y.MELROE', '2024-06-02 03:21:09', 'Prime', '', ''),
  (94, 25, 'TM303C01103', 'S/ROLLER ASS\'Y.MELROE', '2024-06-02 03:21:30', 'Prime', '', ''),
  (95, 26, 'TM303C01103', 'S/ROLLER ASS\'Y.MELROE', '2024-06-02 03:21:55', 'Prime', '', ''),
  (96, 27, 'TM303C01103', 'S/ROLLER ASS\'Y.MELROE', '2024-06-02 03:22:06', 'Prime', '', ''),
  (97, 28, 'TM303C01103', 'S/ROLLER ASS\'Y.MELROE', '2024-06-02 03:23:00', 'Prime', '', ''),
  (98, 29, 'TM303C01103', 'S/ROLLER ASS\'Y.MELROE', '2024-06-02 03:26:26', 'Prime', '', ''),
  (99, 30, 'TM303C01103', 'S/ROLLER ASS\'Y.MELROE', '2024-06-02 03:31:02', 'Prime', '', ''),
  (100, 31, 'TM303C01103', 'S/ROLLER ASS\'Y.MELROE', '2024-06-02 03:31:30', 'Prime', '', ''),
  (101, 32, 'TM303C01103', 'S/ROLLER ASS\'Y.MELROE', '2024-06-02 03:35:55', 'Prime', '', ''),
  (102, 33, 'TM303C01103', 'S/ROLLER ASS\'Y.MELROE', '2024-06-02 03:36:45', 'Prime', '', ''),
  (103, 34, 'TM303C01103', 'S/ROLLER ASS\'Y.MELROE', '2024-06-02 03:37:00', 'Prime', '', ''),
  (104, 35, 'TM303C01103', 'S/ROLLER ASS\'Y.MELROE', '2024-06-02 03:41:00', 'Prime', '', ''),
  (105, 36, 'TM303C01103', 'S/ROLLER ASS\'Y.MELROE', '2024-06-02 03:41:47', 'Prime', '', ''),
  (106, 37, 'TM303C01103', 'S/ROLLER ASS\'Y.MELROE', '2024-06-02 03:44:05', 'Prime', '', ''),
  (107, 38, 'TM303C01103', 'S/ROLLER ASS\'Y.MELROE', '2024-06-02 03:45:45', 'Prime', '', ''),
  (108, 39, 'TM303C01103', 'S/ROLLER ASS\'Y.MELROE', '2024-06-02 03:46:28', 'Prime', '', ''),
  (109, 40, 'TM303C01103', 'S/ROLLER ASS\'Y.MELROE', '2024-06-02 03:48:28', 'Prime', '', ''),
  (110, 41, 'TM303C01103', 'S/ROLLER ASS\'Y.MELROE', '2024-06-02 03:48:43', 'Prime', '', ''),
  (111, 42, 'TM303C01103', 'S/ROLLER ASS\'Y.MELROE', '2024-06-02 03:49:20', 'Prime', '', ''),
  (112, 43, 'TM303C01103', 'S/ROLLER ASS\'Y.MELROE', '2024-06-02 03:50:33', 'Prime', '', ''),
  (113, 44, 'TM303C01103', 'S/ROLLER ASS\'Y.MELROE', '2024-06-02 05:08:37', 'Prime', '', ''),
  (114, 44, 'S0151215894', 'INTERNAL GEAR ASSY. TSL12', '2024-06-02 05:08:37', 'Prime', '', ''),
  (115, 45, 'TM303C01103', 'S/ROLLER ASS\'Y.MELROE', '2024-06-02 05:08:46', 'Prime', '', ''),
  (116, 45, 'S0151215894', 'INTERNAL GEAR ASSY. TSL12', '2024-06-02 05:08:46', 'Prime', '', '');

CREATE TABLE `list_storage` (
  `id` int NOT NULL,
  `product_id` varchar(20) NOT NULL,
  `material_desc` varchar(100) NOT NULL,
  `sloc` varchar(100) NOT NULL,
  `uom` varchar(100) DEFAULT NULL,
  `total_qty` int NOT NULL,
  `id_box` int NOT NULL,
  `created_by` int DEFAULT NULL,
  `created_at` timestamp NULL DEFAULT NULL
);

INSERT INTO `list_storage` (`id`, `product_id`, `material_desc`, `sloc`, `uom`, `total_qty`, `id_box`, `created_by`, `created_at`) VALUES
  (1, 'A0002725457', 'ALT KAPPA 3CYL BR2 TG9 ,M/BOLT,04626', '66', NULL, 200, 1, 0, '2024-05-19 11:20:45'),
  (2, 'TM303C01604', 'S/ROLLER ASS\'Y.E-4100', '66', NULL, 200, 1, 0, '2024-05-19 11:20:45'),
  (3, 'A0002725457', 'ALT KAPPA 3CYL BR2 TG9 ,M/BOLT,04626', '260', NULL, 300, 2, 0, '2024-05-19 11:22:04'),
  (4, 'G4022610456', 'F/BRACKET M/C.A2 TG9', '260', NULL, 200, 2, 0, '2024-05-19 11:22:04'),
  (5, 'TM303C01103', 'S/ROLLER ASS\'Y.MELROE', '260', NULL, 100, 2, 0, '2024-05-19 11:22:04'),
  (6, '3EM0613', 'ARM ASS\'Y.15TON', '421', NULL, 250, 3, 0, '2024-05-19 11:22:33'),
  (7, '3EM0613', 'ARM ASS\'Y.15TON', '116', NULL, 100, 4, 0, '2024-05-19 11:23:53'),
  (8, 'A0002725457', 'ARM ASS\'Y.15TON', '116', NULL, 150, 4, 0, '2024-05-19 11:23:53'),
  (9, '616108', 'ALT. BOBCAT V2607. 13.5V 90A TG9.V/SERVI', '59', NULL, 300, 5, 0, '2024-05-19 12:16:51'),
  (10, 'G4022605342', 'F/BRACKET M/C.BOBCAT V2607', '9', 'PC', 300, 6, 0, '2024-05-30 18:56:19'),
  (11, 'S0641221871', 'DRIVE SHAFT MC.TSL14', '9', 'PC', 200, 6, 0, '2024-05-30 18:56:19'),
  (12, 'S0641221871', 'DRIVE SHAFT MC.TSL14', '9', 'PC', 230, 7, 0, '2024-05-30 19:05:23'),
  (13, 'G4022605342', 'F/BRACKET M/C.BOBCAT V2607', '9', 'PC', 300, 7, 0, '2024-05-30 19:05:23'),
  (14, 'S0151215894', 'INTERNAL GEAR ASSY. TSL12', '8', 'PC', 500, 8, 0, '2024-05-30 19:24:59'),
  (15, 'G4022605342', 'F/BRACKET M/C.BOBCAT V2607', '19', 'PC', 200, 1, 0, '2024-05-30 19:50:54'),
  (16, 'S0641221871', 'DRIVE SHAFT MC.TSL14', '19', 'PC', 300, 1, 0, '2024-05-30 19:50:54'),
  (17, 'S0151215894', 'INTERNAL GEAR ASSY. TSL12', '2', 'PC', 700, 2, 0, '2024-05-30 19:51:26'),
  (18, 'G4022605342', 'F/BRACKET M/C.BOBCAT V2607', '19', 'PC', 200, 1, 0, '2024-05-30 20:00:43'),
  (19, 'S0641221871', 'DRIVE SHAFT MC.TSL14', '19', 'PC', 300, 1, 0, '2024-05-30 20:00:43'),
  (20, 'S0151215894', 'INTERNAL GEAR ASSY. TSL12', '2', 'PC', 700, 2, 0, '2024-05-30 20:01:00'),
  (21, 'S0151215894', 'INTERNAL GEAR ASSY. TSL12', '19', 'PC', 700, 3, 0, '2024-05-31 08:50:20'),
  (22, 'TM303C01103', 'S/ROLLER ASS\'Y.MELROE', '19', 'PC', 500, 3, 0, '2024-05-31 08:50:20'),
  (23, 'M302C0031', 'PINION ASS\'Y.?? 22HP', '2', 'PC', 600, 4, 0, '2024-06-01 16:52:00'),
  (24, 'M302C0031', 'PINION ASS\'Y.?? 22HP', '19', 'PC', 600, 5, 0, '2024-06-01 16:53:48'),
  (25, 'TM303C01103', 'S/ROLLER ASS\'Y.MELROE', '3', 'PC', 100, 6, 0, '2024-06-01 18:40:31'),
  (26, 'M302C0031', 'PINION ASS\'Y.?? 22HP', '3', 'PC', 100, 6, 0, '2024-06-01 18:40:31'),
  (27, 'TM303C01103', 'S/ROLLER ASS\'Y.MELROE', '3', 'PC', 100, 7, 0, '2024-06-01 19:10:00'),
  (28, 'M302C0031', 'PINION ASS\'Y.?? 22HP', '3', 'PC', 100, 7, 0, '2024-06-01 19:10:00'),
  (29, 'G0002655750P', 'COMPLETE F/HOUSING.THETA-FR.TG11', '3', 'PC', 100, 7, 0, '2024-06-01 19:10:00'),
  (30, 'TM303C01103', 'S/ROLLER ASS\'Y.MELROE', '3', 'PC', 100, 7, 0, '2024-06-01 19:10:00'),
  (31, 'TM303C01103', 'S/ROLLER ASS\'Y.MELROE', '3', 'PC', 100, 8, 0, '2024-06-01 19:10:39'),
  (32, 'M302C0031', 'PINION ASS\'Y.?? 22HP', '3', 'PC', 100, 8, 0, '2024-06-01 19:10:39'),
  (33, 'G0002655750P', 'COMPLETE F/HOUSING.THETA-FR.TG11', '3', 'PC', 100, 8, 0, '2024-06-01 19:10:39'),
  (34, 'TM303C01103', 'S/ROLLER ASS\'Y.MELROE', '3', 'PC', 100, 8, 0, '2024-06-01 19:10:39'),
  (35, 'TM303C01103', 'S/ROLLER ASS\'Y.MELROE', '20', 'PC', 100, 9, 0, '2024-06-01 19:12:02'),
  (36, 'M302C0031', 'PINION ASS\'Y.?? 22HP', '20', 'PC', 100, 9, 0, '2024-06-01 19:12:02'),
  (37, 'G0002655750P', 'COMPLETE F/HOUSING.THETA-FR.TG11', '20', 'PC', 100, 9, 0, '2024-06-01 19:12:02'),
  (38, 'TM303C01103', 'S/ROLLER ASS\'Y.MELROE', '20', 'PC', 100, 9, 0, '2024-06-01 19:12:02'),
  (39, 'TM303C01103', 'S/ROLLER ASS\'Y.MELROE', '58', 'PC', 100, 10, 0, '2024-06-01 19:12:55'),
  (40, 'M302C0031', 'PINION ASS\'Y.?? 22HP', '58', 'PC', 100, 10, 0, '2024-06-01 19:12:55'),
  (41, 'G0002655750P', 'COMPLETE F/HOUSING.THETA-FR.TG11', '58', 'PC', 100, 10, 0, '2024-06-01 19:12:55'),
  (42, 'TM303C01103', 'S/ROLLER ASS\'Y.MELROE', '58', 'PC', 100, 10, 0, '2024-06-01 19:12:55'),
  (43, 'TM303C01103', 'S/ROLLER ASS\'Y.MELROE', '20', 'PC', 100, 11, 0, '2024-06-01 19:14:39'),
  (44, 'M302C0031', 'PINION ASS\'Y.?? 22HP', '20', 'PC', 100, 11, 0, '2024-06-01 19:14:39'),
  (45, 'G0002655750P', 'COMPLETE F/HOUSING.THETA-FR.TG11', '20', 'PC', 100, 11, 0, '2024-06-01 19:14:39'),
  (46, 'TM303C01103', 'S/ROLLER ASS\'Y.MELROE', '20', 'PC', 100, 11, 0, '2024-06-01 19:14:39'),
  (47, 'TM303C01103', 'S/ROLLER ASS\'Y.MELROE', '3', 'PC', 100, 12, 0, '2024-06-01 19:15:37'),
  (48, 'M302C0031', 'PINION ASS\'Y.?? 22HP', '3', 'PC', 100, 12, 0, '2024-06-01 19:15:37'),
  (49, 'G0002655750P', 'COMPLETE F/HOUSING.THETA-FR.TG11', '3', 'PC', 100, 12, 0, '2024-06-01 19:15:37'),
  (50, 'TM303C01103', 'S/ROLLER ASS\'Y.MELROE', '3', 'PC', 100, 12, 0, '2024-06-01 19:15:37'),
  (51, 'TM303C01103', 'S/ROLLER ASS\'Y.MELROE', '16', 'PC', 100, 13, 0, '2024-06-01 19:16:55'),
  (52, 'M302C0031', 'PINION ASS\'Y.?? 22HP', '16', 'PC', 100, 13, 0, '2024-06-01 19:16:55'),
  (53, 'G0002655750P', 'COMPLETE F/HOUSING.THETA-FR.TG11', '16', 'PC', 100, 13, 0, '2024-06-01 19:16:55'),
  (54, 'TM303C01103', 'S/ROLLER ASS\'Y.MELROE', '16', 'PC', 100, 13, 0, '2024-06-01 19:16:55'),
  (55, 'TM303C01103', 'S/ROLLER ASS\'Y.MELROE', '18', 'PC', 100, 14, 0, '2024-06-01 19:20:01'),
  (56, 'M302C0031', 'PINION ASS\'Y.?? 22HP', '18', 'PC', 100, 14, 0, '2024-06-01 19:20:01'),
  (57, 'G0002655750P', 'COMPLETE F/HOUSING.THETA-FR.TG11', '18', 'PC', 100, 14, 0, '2024-06-01 19:20:01'),
  (58, 'TM303C01103', 'S/ROLLER ASS\'Y.MELROE', '18', 'PC', 100, 14, 0, '2024-06-01 19:20:01'),
  (59, 'TM303C01103', 'S/ROLLER ASS\'Y.MELROE', '18', 'PC', 100, 15, 0, '2024-06-01 19:20:18'),
  (60, 'M302C0031', 'PINION ASS\'Y.?? 22HP', '18', 'PC', 100, 15, 0, '2024-06-01 19:20:18'),
  (61, 'G0002655750P', 'COMPLETE F/HOUSING.THETA-FR.TG11', '18', 'PC', 100, 15, 0, '2024-06-01 19:20:18'),
  (62, 'TM303C01103', 'S/ROLLER ASS\'Y.MELROE', '18', 'PC', 100, 15, 0, '2024-06-01 19:20:18'),
  (63, 'TM303C01103', 'S/ROLLER ASS\'Y.MELROE', '3', 'PC', 100, 16, 0, '2024-06-01 19:21:14'),
  (64, 'M302C0031', 'PINION ASS\'Y.?? 22HP', '3', 'PC', 100, 16, 0, '2024-06-01 19:21:14'),
  (65, 'G0002655750P', 'COMPLETE F/HOUSING.THETA-FR.TG11', '3', 'PC', 100, 16, 0, '2024-06-01 19:21:14'),
  (66, 'TM303C01103', 'S/ROLLER ASS\'Y.MELROE', '3', 'PC', 100, 16, 0, '2024-06-01 19:21:14'),
  (67, 'TM303C01103', 'S/ROLLER ASS\'Y.MELROE', '3', 'PC', 100, 17, 0, '2024-06-01 19:21:28'),
  (68, 'M302C0031', 'PINION ASS\'Y.?? 22HP', '3', 'PC', 100, 17, 0, '2024-06-01 19:21:28'),
  (69, 'G0002655750P', 'COMPLETE F/HOUSING.THETA-FR.TG11', '3', 'PC', 100, 17, 0, '2024-06-01 19:21:28'),
  (70, 'TM303C01103', 'S/ROLLER ASS\'Y.MELROE', '3', 'PC', 100, 17, 0, '2024-06-01 19:21:28'),
  (71, 'TM303C01103', 'S/ROLLER ASS\'Y.MELROE', '3', 'PC', 100, 18, 0, '2024-06-01 19:22:23'),
  (72, 'M302C0031', 'PINION ASS\'Y.?? 22HP', '3', 'PC', 100, 18, 0, '2024-06-01 19:22:23'),
  (73, 'G0002655750P', 'COMPLETE F/HOUSING.THETA-FR.TG11', '3', 'PC', 100, 18, 0, '2024-06-01 19:22:23'),
  (74, 'TM303C01103', 'S/ROLLER ASS\'Y.MELROE', '3', 'PC', 100, 18, 0, '2024-06-01 19:22:23'),
  (75, 'TM303C01103', 'S/ROLLER ASS\'Y.MELROE', '3', 'PC', 100, 19, 0, '2024-06-01 19:27:38'),
  (76, 'TM303C01103', 'S/ROLLER ASS\'Y.MELROE', '58', 'PC', 100, 20, 0, '2024-06-01 19:32:09'),
  (77, 'M302C0031', 'PINION ASS\'Y.?? 22HP', '58', 'PC', 100, 20, 0, '2024-06-01 19:32:09'),
  (78, 'TM303C01103', 'S/ROLLER ASS\'Y.MELROE', '1', 'PC', 100, 21, 0, '2024-06-01 19:41:06'),
  (79, 'M302C0031', 'PINION ASS\'Y.?? 22HP', '1', 'PC', 100, 21, 0, '2024-06-01 19:41:06'),
  (80, 'TM303C01103', 'S/ROLLER ASS\'Y.MELROE', '3', 'PC', 100, 22, 0, '2024-06-01 19:41:22'),
  (81, 'M302C0031', 'PINION ASS\'Y.?? 22HP', '3', 'PC', 100, 22, 0, '2024-06-01 19:41:22'),
  (82, 'TM303C01103', 'S/ROLLER ASS\'Y.MELROE', '3', 'PC', 100, 23, 0, '2024-06-01 19:42:53'),
  (83, 'M302C0031', 'PINION ASS\'Y.?? 22HP', '3', 'PC', 100, 23, 0, '2024-06-01 19:42:53'),
  (84, 'TM303C01103', 'S/ROLLER ASS\'Y.MELROE', '3', 'PC', 100, 24, 0, '2024-06-01 19:44:08'),
  (85, 'M302C0031', 'PINION ASS\'Y.?? 22HP', '3', 'PC', 100, 24, 0, '2024-06-01 19:44:08'),
  (86, 'TM303C01103', 'S/ROLLER ASS\'Y.MELROE', '3', 'PC', 100, 1, 0, '2024-06-01 19:47:28'),
  (87, 'M302C0031', 'PINION ASS\'Y.?? 22HP', '3', 'PC', 100, 1, 0, '2024-06-01 19:47:28'),
  (88, 'TM303C01103', 'S/ROLLER ASS\'Y.MELROE', '3', 'PC', 100, 2, 0, '2024-06-01 19:48:01'),
  (89, 'TM303C01103', 'S/ROLLER ASS\'Y.MELROE', '3', 'PC', 100, 3, 0, '2024-06-01 19:48:56'),
  (90, 'TM303C01103', 'S/ROLLER ASS\'Y.MELROE', '18', 'PC', 100, 4, 0, '2024-06-01 19:53:25'),
  (91, 'TM303C01103', 'S/ROLLER ASS\'Y.MELROE', '3', 'PC', 100, 5, 0, '2024-06-01 19:54:02'),
  (92, 'TM303C01103', 'S/ROLLER ASS\'Y.MELROE', '3', 'PC', 100, 6, 0, '2024-06-01 19:57:52'),
  (93, 'TM303C01103', 'S/ROLLER ASS\'Y.MELROE', '3', 'PC', 100, 7, 0, '2024-06-01 19:59:20'),
  (94, 'TM303C01103', 'S/ROLLER ASS\'Y.MELROE', '3', 'PC', 100, 8, 0, '2024-06-01 20:00:33'),
  (95, 'TM303C01103', 'S/ROLLER ASS\'Y.MELROE', '3', 'PC', 100, 9, 0, '2024-06-01 20:01:54'),
  (96, 'TM303C01103', 'S/ROLLER ASS\'Y.MELROE', '3', 'PC', 100, 10, 0, '2024-06-01 20:03:25'),
  (97, 'TM303C01103', 'S/ROLLER ASS\'Y.MELROE', '3', 'PC', 100, 11, 0, '2024-06-01 20:03:59'),
  (98, 'TM303C01103', 'S/ROLLER ASS\'Y.MELROE', '3', 'PC', 100, 12, 0, '2024-06-01 20:05:22'),
  (99, 'TM303C01103', 'S/ROLLER ASS\'Y.MELROE', '3', 'PC', 100, 13, 0, '2024-06-01 20:06:03'),
  (100, 'TM303C01103', 'S/ROLLER ASS\'Y.MELROE', '3', 'PC', 100, 14, 0, '2024-06-01 20:10:13'),
  (101, 'TM303C01103', 'S/ROLLER ASS\'Y.MELROE', '3', 'PC', 100, 15, 0, '2024-06-01 20:14:53'),
  (102, 'TM303C01103', 'S/ROLLER ASS\'Y.MELROE', '2', 'PC', 100, 16, 0, '2024-06-01 20:15:16'),
  (103, 'TM303C01103', 'S/ROLLER ASS\'Y.MELROE', '3', 'PC', 100, 17, 0, '2024-06-01 20:16:48'),
  (104, 'TM303C01103', 'S/ROLLER ASS\'Y.MELROE', '3', 'PC', 100, 18, 0, '2024-06-01 20:17:36'),
  (105, 'TM303C01103', 'S/ROLLER ASS\'Y.MELROE', '1', 'PC', 100, 19, 0, '2024-06-01 20:18:08'),
  (106, 'TM303C01103', 'S/ROLLER ASS\'Y.MELROE', '1', 'PC', 100, 20, 0, '2024-06-01 20:18:52'),
  (107, 'TM303C01103', 'S/ROLLER ASS\'Y.MELROE', '3', 'PC', 100, 21, 0, '2024-06-01 20:19:45'),
  (108, 'TM303C01103', 'S/ROLLER ASS\'Y.MELROE', '3', 'PC', 100, 22, 0, '2024-06-01 20:20:23'),
  (109, 'TM303C01103', 'S/ROLLER ASS\'Y.MELROE', '1', 'PC', 100, 23, 0, '2024-06-01 20:20:45'),
  (110, 'TM303C01103', 'S/ROLLER ASS\'Y.MELROE', '3', 'PC', 100, 24, 0, '2024-06-01 20:21:09'),
  (111, 'TM303C01103', 'S/ROLLER ASS\'Y.MELROE', '3', 'PC', 100, 25, 0, '2024-06-01 20:21:30'),
  (112, 'TM303C01103', 'S/ROLLER ASS\'Y.MELROE', '3', 'PC', 100, 26, 0, '2024-06-01 20:21:55'),
  (113, 'TM303C01103', 'S/ROLLER ASS\'Y.MELROE', '3', 'PC', 100, 27, 0, '2024-06-01 20:22:06'),
  (114, 'TM303C01103', 'S/ROLLER ASS\'Y.MELROE', '3', 'PC', 100, 28, 0, '2024-06-01 20:23:00'),
  (115, 'TM303C01103', 'S/ROLLER ASS\'Y.MELROE', '3', 'PC', 100, 29, 0, '2024-06-01 20:26:26'),
  (116, 'TM303C01103', 'S/ROLLER ASS\'Y.MELROE', '1', 'PC', 100, 30, 0, '2024-06-01 20:31:02'),
  (117, 'TM303C01103', 'S/ROLLER ASS\'Y.MELROE', '3', 'PC', 100, 31, 0, '2024-06-01 20:31:30'),
  (118, 'TM303C01103', 'S/ROLLER ASS\'Y.MELROE', '3', 'PC', 100, 32, 0, '2024-06-01 20:35:55'),
  (119, 'TM303C01103', 'S/ROLLER ASS\'Y.MELROE', '3', 'PC', 100, 33, 0, '2024-06-01 20:36:45'),
  (120, 'TM303C01103', 'S/ROLLER ASS\'Y.MELROE', '3', 'PC', 100, 34, 0, '2024-06-01 20:37:00'),
  (121, 'TM303C01103', 'S/ROLLER ASS\'Y.MELROE', '1', 'PC', 100, 35, 0, '2024-06-01 20:41:00'),
  (122, 'TM303C01103', 'S/ROLLER ASS\'Y.MELROE', '3', 'PC', 100, 36, 0, '2024-06-01 20:41:47'),
  (123, 'TM303C01103', 'S/ROLLER ASS\'Y.MELROE', '3', 'PC', 100, 37, 0, '2024-06-01 20:44:05'),
  (124, 'TM303C01103', 'S/ROLLER ASS\'Y.MELROE', '3', 'PC', 100, 38, 0, '2024-06-01 20:45:45'),
  (125, 'TM303C01103', 'S/ROLLER ASS\'Y.MELROE', '3', 'PC', 100, 39, 0, '2024-06-01 20:46:28'),
  (126, 'TM303C01103', 'S/ROLLER ASS\'Y.MELROE', '3', 'PC', 100, 40, 0, '2024-06-01 20:48:28'),
  (127, 'TM303C01103', 'S/ROLLER ASS\'Y.MELROE', '3', 'PC', 100, 41, 0, '2024-06-01 20:48:43'),
  (128, 'TM303C01103', 'S/ROLLER ASS\'Y.MELROE', '3', 'PC', 100, 42, 0, '2024-06-01 20:49:20'),
  (129, 'TM303C01103', 'S/ROLLER ASS\'Y.MELROE', '3', 'PC', 100, 43, 0, '2024-06-01 20:50:33'),
  (130, 'TM303C01103', 'S/ROLLER ASS\'Y.MELROE', '3', 'PC', 100, 44, 0, '2024-06-01 22:08:37'),
  (131, 'S0151215894', 'INTERNAL GEAR ASSY. TSL12', '3', 'PC', 100, 44, 0, '2024-06-01 22:08:37'),
  (132, 'TM303C01103', 'S/ROLLER ASS\'Y.MELROE', '3', 'PC', 100, 45, 0, '2024-06-01 22:08:46'),
  (133, 'S0151215894', 'INTERNAL GEAR ASSY. TSL12', '3', 'PC', 100, 45, 0, '2024-06-01 22:08:46');

CREATE TABLE `receiving_material` (
  `id` int NOT NULL,
  `id_box` int NOT NULL,
  `reference_number` varchar(100) NOT NULL,
  `material` varchar(100) NOT NULL,
  `qty` int NOT NULL,
  `uom` varchar(100) NOT NULL,
  `receiving_date` date DEFAULT NULL,
  `s_loc` varchar(10) DEFAULT NULL,
  `barcode` varchar(100) DEFAULT NULL,
  `created_by` int DEFAULT NULL,
  `created_at` timestamp NULL DEFAULT NULL,
  `updated_by` int DEFAULT NULL,
  `updated_at` timestamp NULL DEFAULT NULL,
  `id_box_detail` int NOT NULL
);

INSERT INTO `receiving_material` (`id`, `id_box`, `reference_number`, `material`, `qty`, `uom`, `receiving_date`, `s_loc`, `barcode`, `created_by`, `created_at`, `updated_by`, `updated_at`, `id_box_detail`) VALUES
  (1, 2, 'G4022605342', 'F/BRACKET M/C.BOBCAT V2607', 200, 'PC', NULL, '2', 'B/2024-05/04', 0, '2024-05-30 20:00:43', 0, '2024-05-30 20:02:15', 1),
  (2, 2, 'S0641221871', 'DRIVE SHAFT MC.TSL14', 200, 'PC', NULL, '2', 'B/2024-05/04', 0, '2024-05-30 20:00:43', 0, '2024-06-01 17:01:10', 2),
  (3, 2, 'S0151215894', 'INTERNAL GEAR ASSY. TSL12', 500, 'PC', NULL, '2', 'B/2024-05/04', 0, '2024-05-30 20:01:00', 0, '2024-05-30 20:02:34', 3),
  (4, 3, 'S0151215894', 'INTERNAL GEAR ASSY. TSL12', 700, 'PC', NULL, '19', 'B/2024-05/04', 0, '2024-05-31 08:50:20', NULL, NULL, 4),
  (5, 3, 'TM303C01103', 'S/ROLLER ASS\'Y.MELROE', 500, 'PC', NULL, '19', 'B/2024-05/04', 0, '2024-05-31 08:50:20', NULL, NULL, 5),
  (6, 4, 'M302C0031', 'PINION ASS\'Y.?? 22HP', 600, 'PC', NULL, '2', 'B/2024-06/04', 0, '2024-06-01 16:52:00', NULL, NULL, 6),
  (7, 5, 'M302C0031', 'PINION ASS\'Y.?? 22HP', 600, 'PC', NULL, '19', 'B/2024-06/04', 0, '2024-06-01 16:53:48', NULL, NULL, 7),
  (8, 6, 'TM303C01103', 'S/ROLLER ASS\'Y.MELROE', 100, 'PC', NULL, '3', 'B/2024-06/04', 0, '2024-06-01 18:40:31', NULL, NULL, 8),
  (9, 6, 'M302C0031', 'PINION ASS\'Y.?? 22HP', 100, 'PC', NULL, '3', 'B/2024-06/04', 0, '2024-06-01 18:40:31', NULL, NULL, 9),
  (10, 7, 'TM303C01103', 'S/ROLLER ASS\'Y.MELROE', 100, 'PC', NULL, '3', 'B/2024-06/04', 0, '2024-06-01 19:10:00', NULL, NULL, 10),
  (11, 7, 'M302C0031', 'PINION ASS\'Y.?? 22HP', 100, 'PC', NULL, '3', 'B/2024-06/04', 0, '2024-06-01 19:10:00', NULL, NULL, 11),
  (12, 7, 'G0002655750P', 'COMPLETE F/HOUSING.THETA-FR.TG11', 100, 'PC', NULL, '3', 'B/2024-06/04', 0, '2024-06-01 19:10:00', NULL, NULL, 12),
  (13, 7, 'TM303C01103', 'S/ROLLER ASS\'Y.MELROE', 100, 'PC', NULL, '3', 'B/2024-06/04', 0, '2024-06-01 19:10:00', NULL, NULL, 13),
  (14, 8, 'TM303C01103', 'S/ROLLER ASS\'Y.MELROE', 100, 'PC', NULL, '3', 'B/2024-06/04', 0, '2024-06-01 19:10:39', NULL, NULL, 14),
  (15, 8, 'M302C0031', 'PINION ASS\'Y.?? 22HP', 100, 'PC', NULL, '3', 'B/2024-06/04', 0, '2024-06-01 19:10:39', NULL, NULL, 15),
  (16, 8, 'G0002655750P', 'COMPLETE F/HOUSING.THETA-FR.TG11', 100, 'PC', NULL, '3', 'B/2024-06/04', 0, '2024-06-01 19:10:39', NULL, NULL, 16),
  (17, 8, 'TM303C01103', 'S/ROLLER ASS\'Y.MELROE', 100, 'PC', NULL, '3', 'B/2024-06/04', 0, '2024-06-01 19:10:39', NULL, NULL, 17),
  (18, 9, 'TM303C01103', 'S/ROLLER ASS\'Y.MELROE', 100, 'PC', NULL, '20', 'B/2024-06/04', 0, '2024-06-01 19:12:02', NULL, NULL, 18),
  (19, 9, 'M302C0031', 'PINION ASS\'Y.?? 22HP', 100, 'PC', NULL, '20', 'B/2024-06/04', 0, '2024-06-01 19:12:02', NULL, NULL, 19),
  (20, 9, 'G0002655750P', 'COMPLETE F/HOUSING.THETA-FR.TG11', 100, 'PC', NULL, '20', 'B/2024-06/04', 0, '2024-06-01 19:12:02', NULL, NULL, 20),
  (21, 9, 'TM303C01103', 'S/ROLLER ASS\'Y.MELROE', 100, 'PC', NULL, '20', 'B/2024-06/04', 0, '2024-06-01 19:12:02', NULL, NULL, 21),
  (22, 10, 'TM303C01103', 'S/ROLLER ASS\'Y.MELROE', 100, 'PC', NULL, '58', 'B/2024-06/04', 0, '2024-06-01 19:12:55', NULL, NULL, 22),
  (23, 10, 'M302C0031', 'PINION ASS\'Y.?? 22HP', 100, 'PC', NULL, '58', 'B/2024-06/04', 0, '2024-06-01 19:12:55', NULL, NULL, 23),
  (24, 10, 'G0002655750P', 'COMPLETE F/HOUSING.THETA-FR.TG11', 100, 'PC', NULL, '58', 'B/2024-06/04', 0, '2024-06-01 19:12:55', NULL, NULL, 24),
  (25, 10, 'TM303C01103', 'S/ROLLER ASS\'Y.MELROE', 100, 'PC', NULL, '58', 'B/2024-06/04', 0, '2024-06-01 19:12:55', NULL, NULL, 25),
  (26, 11, 'TM303C01103', 'S/ROLLER ASS\'Y.MELROE', 100, 'PC', NULL, '20', 'B/2024-06/04', 0, '2024-06-01 19:14:39', NULL, NULL, 26),
  (27, 11, 'M302C0031', 'PINION ASS\'Y.?? 22HP', 100, 'PC', NULL, '20', 'B/2024-06/04', 0, '2024-06-01 19:14:39', NULL, NULL, 27),
  (28, 11, 'G0002655750P', 'COMPLETE F/HOUSING.THETA-FR.TG11', 100, 'PC', NULL, '20', 'B/2024-06/04', 0, '2024-06-01 19:14:39', NULL, NULL, 28),
  (29, 11, 'TM303C01103', 'S/ROLLER ASS\'Y.MELROE', 100, 'PC', NULL, '20', 'B/2024-06/04', 0, '2024-06-01 19:14:39', NULL, NULL, 29),
  (30, 12, 'TM303C01103', 'S/ROLLER ASS\'Y.MELROE', 100, 'PC', NULL, '3', 'B/2024-06/04', 0, '2024-06-01 19:15:37', NULL, NULL, 30),
  (31, 12, 'M302C0031', 'PINION ASS\'Y.?? 22HP', 100, 'PC', NULL, '3', 'B/2024-06/04', 0, '2024-06-01 19:15:37', NULL, NULL, 31),
  (32, 12, 'G0002655750P', 'COMPLETE F/HOUSING.THETA-FR.TG11', 100, 'PC', NULL, '3', 'B/2024-06/04', 0, '2024-06-01 19:15:37', NULL, NULL, 32),
  (33, 12, 'TM303C01103', 'S/ROLLER ASS\'Y.MELROE', 100, 'PC', NULL, '3', 'B/2024-06/04', 0, '2024-06-01 19:15:37', NULL, NULL, 33),
  (34, 13, 'TM303C01103', 'S/ROLLER ASS\'Y.MELROE', 100, 'PC', NULL, '16', 'B/2024-06/04', 0, '2024-06-01 19:16:55', NULL, NULL, 34),
  (35, 13, 'M302C0031', 'PINION ASS\'Y.?? 22HP', 100, 'PC', NULL, '16', 'B/2024-06/04', 0, '2024-06-01 19:16:55', NULL, NULL, 35),
  (36, 13, 'G0002655750P', 'COMPLETE F/HOUSING.THETA-FR.TG11', 100, 'PC', NULL, '16', 'B/2024-06/04', 0, '2024-06-01 19:16:55', NULL, NULL, 36),
  (37, 13, 'TM303C01103', 'S/ROLLER ASS\'Y.MELROE', 100, 'PC', NULL, '16', 'B/2024-06/04', 0, '2024-06-01 19:16:55', NULL, NULL, 37),
  (38, 14, 'TM303C01103', 'S/ROLLER ASS\'Y.MELROE', 100, 'PC', NULL, '18', 'B/2024-06/04', 0, '2024-06-01 19:20:01', NULL, NULL, 38),
  (39, 14, 'M302C0031', 'PINION ASS\'Y.?? 22HP', 100, 'PC', NULL, '18', 'B/2024-06/04', 0, '2024-06-01 19:20:01', NULL, NULL, 39),
  (40, 14, 'G0002655750P', 'COMPLETE F/HOUSING.THETA-FR.TG11', 100, 'PC', NULL, '18', 'B/2024-06/04', 0, '2024-06-01 19:20:01', NULL, NULL, 40),
  (41, 14, 'TM303C01103', 'S/ROLLER ASS\'Y.MELROE', 100, 'PC', NULL, '18', 'B/2024-06/04', 0, '2024-06-01 19:20:01', NULL, NULL, 41),
  (42, 15, 'TM303C01103', 'S/ROLLER ASS\'Y.MELROE', 100, 'PC', NULL, '18', 'B/2024-06/04', 0, '2024-06-01 19:20:18', NULL, NULL, 42),
  (43, 15, 'M302C0031', 'PINION ASS\'Y.?? 22HP', 100, 'PC', NULL, '18', 'B/2024-06/04', 0, '2024-06-01 19:20:18', NULL, NULL, 43),
  (44, 15, 'G0002655750P', 'COMPLETE F/HOUSING.THETA-FR.TG11', 100, 'PC', NULL, '18', 'B/2024-06/04', 0, '2024-06-01 19:20:18', NULL, NULL, 44),
  (45, 15, 'TM303C01103', 'S/ROLLER ASS\'Y.MELROE', 100, 'PC', NULL, '18', 'B/2024-06/04', 0, '2024-06-01 19:20:18', NULL, NULL, 45),
  (46, 16, 'TM303C01103', 'S/ROLLER ASS\'Y.MELROE', 100, 'PC', NULL, '3', 'B/2024-06/04', 0, '2024-06-01 19:21:14', NULL, NULL, 46),
  (47, 16, 'M302C0031', 'PINION ASS\'Y.?? 22HP', 100, 'PC', NULL, '3', 'B/2024-06/04', 0, '2024-06-01 19:21:14', NULL, NULL, 47),
  (48, 16, 'G0002655750P', 'COMPLETE F/HOUSING.THETA-FR.TG11', 100, 'PC', NULL, '3', 'B/2024-06/04', 0, '2024-06-01 19:21:14', NULL, NULL, 48),
  (49, 16, 'TM303C01103', 'S/ROLLER ASS\'Y.MELROE', 100, 'PC', NULL, '3', 'B/2024-06/04', 0, '2024-06-01 19:21:14', NULL, NULL, 49),
  (50, 17, 'TM303C01103', 'S/ROLLER ASS\'Y.MELROE', 100, 'PC', NULL, '3', 'B/2024-06/04', 0, '2024-06-01 19:21:28', NULL, NULL, 50),
  (51, 17, 'M302C0031', 'PINION ASS\'Y.?? 22HP', 100, 'PC', NULL, '3', 'B/2024-06/04', 0, '2024-06-01 19:21:28', NULL, NULL, 51),
  (52, 17, 'G0002655750P', 'COMPLETE F/HOUSING.THETA-FR.TG11', 100, 'PC', NULL, '3', 'B/2024-06/04', 0, '2024-06-01 19:21:28', NULL, NULL, 52),
  (53, 17, 'TM303C01103', 'S/ROLLER ASS\'Y.MELROE', 100, 'PC', NULL, '3', 'B/2024-06/04', 0, '2024-06-01 19:21:28', NULL, NULL, 53),
  (54, 18, 'TM303C01103', 'S/ROLLER ASS\'Y.MELROE', 100, 'PC', NULL, '3', 'B/2024-06/04', 0, '2024-06-01 19:22:23', NULL, NULL, 54),
  (55, 18, 'M302C0031', 'PINION ASS\'Y.?? 22HP', 100, 'PC', NULL, '3', 'B/2024-06/04', 0, '2024-06-01 19:22:23', NULL, NULL, 55),
  (56, 18, 'G0002655750P', 'COMPLETE F/HOUSING.THETA-FR.TG11', 100, 'PC', NULL, '3', 'B/2024-06/04', 0, '2024-06-01 19:22:23', NULL, NULL, 56),
  (57, 18, 'TM303C01103', 'S/ROLLER ASS\'Y.MELROE', 100, 'PC', NULL, '3', 'B/2024-06/04', 0, '2024-06-01 19:22:23', NULL, NULL, 57),
  (58, 19, 'TM303C01103', 'S/ROLLER ASS\'Y.MELROE', 100, 'PC', NULL, '3', 'B/2024-06/04', 0, '2024-06-01 19:27:38', NULL, NULL, 58),
  (59, 20, 'TM303C01103', 'S/ROLLER ASS\'Y.MELROE', 100, 'PC', NULL, '58', 'B/2024-06/04', 0, '2024-06-01 19:32:09', NULL, NULL, 59),
  (60, 20, 'M302C0031', 'PINION ASS\'Y.?? 22HP', 100, 'PC', NULL, '58', 'B/2024-06/04', 0, '2024-06-01 19:32:09', NULL, NULL, 60),
  (61, 21, 'TM303C01103', 'S/ROLLER ASS\'Y.MELROE', 100, 'PC', NULL, '1', 'B/2024-06/04', 0, '2024-06-01 19:41:06', NULL, NULL, 61),
  (62, 21, 'M302C0031', 'PINION ASS\'Y.?? 22HP', 100, 'PC', NULL, '1', 'B/2024-06/04', 0, '2024-06-01 19:41:06', NULL, NULL, 62),
  (63, 22, 'TM303C01103', 'S/ROLLER ASS\'Y.MELROE', 100, 'PC', NULL, '3', 'B/2024-06/04', 0, '2024-06-01 19:41:22', NULL, NULL, 63),
  (64, 22, 'M302C0031', 'PINION ASS\'Y.?? 22HP', 100, 'PC', NULL, '3', 'B/2024-06/04', 0, '2024-06-01 19:41:22', NULL, NULL, 64),
  (65, 23, 'TM303C01103', 'S/ROLLER ASS\'Y.MELROE', 100, 'PC', NULL, '3', 'B/2024-06/04', 0, '2024-06-01 19:42:53', NULL, NULL, 65),
  (66, 23, 'M302C0031', 'PINION ASS\'Y.?? 22HP', 100, 'PC', NULL, '3', 'B/2024-06/04', 0, '2024-06-01 19:42:53', NULL, NULL, 66),
  (67, 24, 'TM303C01103', 'S/ROLLER ASS\'Y.MELROE', 100, 'PC', NULL, '3', 'B/2024-06/04', 0, '2024-06-01 19:44:08', NULL, NULL, 67),
  (68, 24, 'M302C0031', 'PINION ASS\'Y.?? 22HP', 100, 'PC', NULL, '3', 'B/2024-06/04', 0, '2024-06-01 19:44:08', NULL, NULL, 68),
  (69, 1, 'TM303C01103', 'S/ROLLER ASS\'Y.MELROE', 100, 'PC', NULL, '3', 'A0000001', 0, '2024-06-01 19:47:28', NULL, NULL, 69),
  (70, 1, 'M302C0031', 'PINION ASS\'Y.?? 22HP', 100, 'PC', NULL, '3', 'A0000001', 0, '2024-06-01 19:47:28', NULL, NULL, 70),
  (71, 2, 'TM303C01103', 'S/ROLLER ASS\'Y.MELROE', 100, 'PC', NULL, '3', 'A0000002', 0, '2024-06-01 19:48:01', NULL, NULL, 71),
  (72, 3, 'TM303C01103', 'S/ROLLER ASS\'Y.MELROE', 100, 'PC', NULL, '3', 'A0000003', 0, '2024-06-01 19:48:56', NULL, NULL, 72),
  (73, 4, 'TM303C01103', 'S/ROLLER ASS\'Y.MELROE', 100, 'PC', NULL, '18', 'A0000004', 0, '2024-06-01 19:53:25', NULL, NULL, 73),
  (74, 5, 'TM303C01103', 'S/ROLLER ASS\'Y.MELROE', 100, 'PC', NULL, '3', 'A0000005', 0, '2024-06-01 19:54:01', NULL, NULL, 74),
  (75, 6, 'TM303C01103', 'S/ROLLER ASS\'Y.MELROE', 100, 'PC', NULL, '3', 'A0000006', 0, '2024-06-01 19:57:52', NULL, NULL, 75),
  (76, 7, 'TM303C01103', 'S/ROLLER ASS\'Y.MELROE', 100, 'PC', NULL, '3', 'A0000007', 0, '2024-06-01 19:59:20', NULL, NULL, 76),
  (77, 8, 'TM303C01103', 'S/ROLLER ASS\'Y.MELROE', 100, 'PC', NULL, '3', 'A0000008', 0, '2024-06-01 20:00:33', NULL, NULL, 77),
  (78, 9, 'TM303C01103', 'S/ROLLER ASS\'Y.MELROE', 100, 'PC', NULL, '3', 'A0000009', 0, '2024-06-01 20:01:54', NULL, NULL, 78),
  (79, 10, 'TM303C01103', 'S/ROLLER ASS\'Y.MELROE', 100, 'PC', NULL, '3', 'A0000010', 0, '2024-06-01 20:03:25', NULL, NULL, 79),
  (80, 11, 'TM303C01103', 'S/ROLLER ASS\'Y.MELROE', 100, 'PC', NULL, '3', 'A0000011', 0, '2024-06-01 20:03:59', NULL, NULL, 80),
  (81, 12, 'TM303C01103', 'S/ROLLER ASS\'Y.MELROE', 100, 'PC', NULL, '3', 'A0000012', 0, '2024-06-01 20:05:22', NULL, NULL, 81),
  (82, 13, 'TM303C01103', 'S/ROLLER ASS\'Y.MELROE', 100, 'PC', NULL, '3', 'A0000013', 0, '2024-06-01 20:06:03', NULL, NULL, 82),
  (83, 14, 'TM303C01103', 'S/ROLLER ASS\'Y.MELROE', 100, 'PC', NULL, '3', 'A0000014', 0, '2024-06-01 20:10:13', NULL, NULL, 83),
  (84, 15, 'TM303C01103', 'S/ROLLER ASS\'Y.MELROE', 100, 'PC', NULL, '3', 'A0000015', 0, '2024-06-01 20:14:53', NULL, NULL, 84),
  (85, 16, 'TM303C01103', 'S/ROLLER ASS\'Y.MELROE', 100, 'PC', NULL, '2', 'A0000016', 0, '2024-06-01 20:15:16', NULL, NULL, 85),
  (86, 17, 'TM303C01103', 'S/ROLLER ASS\'Y.MELROE', 100, 'PC', NULL, '3', 'A0000017', 0, '2024-06-01 20:16:48', NULL, NULL, 86),
  (87, 18, 'TM303C01103', 'S/ROLLER ASS\'Y.MELROE', 100, 'PC', NULL, '3', 'A0000018', 0, '2024-06-01 20:17:36', NULL, NULL, 87),
  (88, 19, 'TM303C01103', 'S/ROLLER ASS\'Y.MELROE', 100, 'PC', NULL, '1', 'A0000019', 0, '2024-06-01 20:18:08', NULL, NULL, 88),
  (89, 20, 'TM303C01103', 'S/ROLLER ASS\'Y.MELROE', 100, 'PC', NULL, '1', 'A0000020', 0, '2024-06-01 20:18:52', NULL, NULL, 89),
  (90, 21, 'TM303C01103', 'S/ROLLER ASS\'Y.MELROE', 100, 'PC', NULL, '3', 'A0000021', 0, '2024-06-01 20:19:45', NULL, NULL, 90),
  (91, 22, 'TM303C01103', 'S/ROLLER ASS\'Y.MELROE', 100, 'PC', NULL, '3', 'A0000022', 0, '2024-06-01 20:20:23', NULL, NULL, 91),
  (92, 23, 'TM303C01103', 'S/ROLLER ASS\'Y.MELROE', 100, 'PC', NULL, '1', 'A0000023', 0, '2024-06-01 20:20:45', NULL, NULL, 92),
  (93, 24, 'TM303C01103', 'S/ROLLER ASS\'Y.MELROE', 100, 'PC', NULL, '3', 'A0000024', 0, '2024-06-01 20:21:09', NULL, NULL, 93),
  (94, 25, 'TM303C01103', 'S/ROLLER ASS\'Y.MELROE', 100, 'PC', NULL, '3', 'A0000025', 0, '2024-06-01 20:21:30', NULL, NULL, 94),
  (95, 26, 'TM303C01103', 'S/ROLLER ASS\'Y.MELROE', 100, 'PC', NULL, '3', 'A0000026', 0, '2024-06-01 20:21:55', NULL, NULL, 95),
  (96, 27, 'TM303C01103', 'S/ROLLER ASS\'Y.MELROE', 100, 'PC', NULL, '3', 'A0000027', 0, '2024-06-01 20:22:06', NULL, NULL, 96),
  (97, 28, 'TM303C01103', 'S/ROLLER ASS\'Y.MELROE', 100, 'PC', NULL, '3', 'A0000028', 0, '2024-06-01 20:23:00', NULL, NULL, 97),
  (98, 29, 'TM303C01103', 'S/ROLLER ASS\'Y.MELROE', 100, 'PC', NULL, '3', 'A0000029', 0, '2024-06-01 20:26:26', NULL, NULL, 98),
  (99, 30, 'TM303C01103', 'S/ROLLER ASS\'Y.MELROE', 100, 'PC', NULL, '1', 'A0000030', 0, '2024-06-01 20:31:02', NULL, NULL, 99),
  (100, 31, 'TM303C01103', 'S/ROLLER ASS\'Y.MELROE', 100, 'PC', NULL, '3', 'A0000031', 0, '2024-06-01 20:31:30', NULL, NULL, 100),
  (101, 32, 'TM303C01103', 'S/ROLLER ASS\'Y.MELROE', 100, 'PC', NULL, '3', 'A0000032', 0, '2024-06-01 20:35:55', NULL, NULL, 101),
  (102, 33, 'TM303C01103', 'S/ROLLER ASS\'Y.MELROE', 100, 'PC', NULL, '3', 'A0000033', 0, '2024-06-01 20:36:45', NULL, NULL, 102),
  (103, 34, 'TM303C01103', 'S/ROLLER ASS\'Y.MELROE', 100, 'PC', NULL, '3', 'A0000034', 0, '2024-06-01 20:37:00', NULL, NULL, 103),
  (104, 35, 'TM303C01103', 'S/ROLLER ASS\'Y.MELROE', 100, 'PC', NULL, '1', 'A0000035', 0, '2024-06-01 20:41:00', NULL, NULL, 104),
  (105, 36, 'TM303C01103', 'S/ROLLER ASS\'Y.MELROE', 100, 'PC', NULL, '3', 'A0000036', 0, '2024-06-01 20:41:47', NULL, NULL, 105),
  (106, 37, 'TM303C01103', 'S/ROLLER ASS\'Y.MELROE', 100, 'PC', NULL, '3', 'A0000037', 0, '2024-06-01 20:44:05', NULL, NULL, 106),
  (107, 38, 'TM303C01103', 'S/ROLLER ASS\'Y.MELROE', 100, 'PC', NULL, '3', 'A0000038', 0, '2024-06-01 20:45:45', NULL, NULL, 107),
  (108, 39, 'TM303C01103', 'S/ROLLER ASS\'Y.MELROE', 100, 'PC', NULL, '3', 'A0000039', 0, '2024-06-01 20:46:28', NULL, NULL, 108),
  (109, 40, 'TM303C01103', 'S/ROLLER ASS\'Y.MELROE', 100, 'PC', NULL, '3', 'A0000040', 0, '2024-06-01 20:48:28', NULL, NULL, 109),
  (110, 41, 'TM303C01103', 'S/ROLLER ASS\'Y.MELROE', 100, 'PC', NULL, '3', 'A0000041', 0, '2024-06-01 20:48:43', NULL, NULL, 110),
  (111, 42, 'TM303C01103', 'S/ROLLER ASS\'Y.MELROE', 100, 'PC', NULL, '3', 'A0000042', 0, '2024-06-01 20:49:20', NULL, NULL, 111),
  (112, 43, 'TM303C01103', 'S/ROLLER ASS\'Y.MELROE', 100, 'PC', NULL, '3', 'A0000043', 0, '2024-06-01 20:50:33', NULL, NULL, 112),
  (113, 44, 'TM303C01103', 'S/ROLLER ASS\'Y.MELROE', 100, 'PC', NULL, '3', 'A0000044', 0, '2024-06-01 22:08:37', NULL, NULL, 113),
  (114, 44, 'S0151215894', 'INTERNAL GEAR ASSY. TSL12', 100, 'PC', NULL, '3', 'A0000044', 0, '2024-06-01 22:08:37', NULL, NULL, 114),
  (115, 45, 'TM303C01103', 'S/ROLLER ASS\'Y.MELROE', 100, 'PC', NULL, '3', 'A0000045', 0, '2024-06-01 22:08:46', NULL, NULL, 115),
  (116, 45, 'S0151215894', 'INTERNAL GEAR ASSY. TSL12', 100, 'PC', NULL, '3', 'A0000045', 0, '2024-06-01 22:08:46', NULL, NULL, 116);

CREATE TABLE `receiving_material_temp` (
  `id` int NOT NULL,
  `reference_number` varchar(50) NOT NULL,
  `material_desc` varchar(100) NOT NULL,
  `receiving_date` date DEFAULT NULL,
  `qty` int NOT NULL,
  `uom` varchar(10) NOT NULL,
  `created_at` timestamp NOT NULL DEFAULT CURRENT_TIMESTAMP ON UPDATE CURRENT_TIMESTAMP,
  `updated_at` timestamp NULL DEFAULT NULL
);

CREATE TABLE `storage` (
  `Id_storage` int NOT NULL,
  `Rack` varchar(30) CHARACTER SET utf8mb4 COLLATE utf8mb4_unicode_ci NOT NULL,
  `SLoc` varchar(30) CHARACTER SET utf8mb4 COLLATE utf8mb4_unicode_ci NOT NULL,
  `Loads` varchar(255) CHARACTER SET utf8mb4 COLLATE utf8mb4_unicode_ci DEFAULT NULL,
  `Crtdt` varchar(128) CHARACTER SET utf8mb4 COLLATE utf8mb4_unicode_ci NOT NULL,
  `Crtby` varchar(128) CHARACTER SET utf8mb4 COLLATE utf8mb4_unicode_ci NOT NULL,
  `Upddt` varchar(128) CHARACTER SET utf8mb4 COLLATE utf8mb4_unicode_ci NOT NULL,
  `Updby` varchar(128) CHARACTER SET utf8mb4 COLLATE utf8mb4_unicode_ci NOT NULL,
  `min_loads` int NOT NULL,
  `max_loads` int NOT NULL DEFAULT '500'
);

INSERT INTO `storage` (`Id_storage`, `Rack`, `SLoc`, `Loads`, `Crtdt`, `Crtby`, `Upddt`, `Updby`, `min_loads`, `max_loads`) VALUES
  (1, 'A', 'A-01-01', '> 500 Kg', '2024-05-10 10:00', 'System', '2024-05-10 10:00', 'System', 501, 10000),
  (2, 'A', 'A-01-02', '> 500 Kg', '2024-05-10 10:00', 'System', '2024-05-10 10:00', 'System', 501, 10000),
  (3, 'A', 'A-01-03', '> 500 Kg', '2024-05-10 10:00', 'System', '2024-05-10 10:00', 'System', 501, 10000),
  (4, 'A', 'A-01-04', '> 500 Kg', '2024-05-10 10:00', 'System', '2024-05-10 10:00', 'System', 501, 10000),
  (5, 'A', 'A-01-05', '> 500 Kg', '2024-05-10 10:00', 'System', '2024-05-10 10:00', 'System', 501, 10000),
  (6, 'A', 'A-01-06', '> 500 Kg', '2024-05-10 10:00', 'System', '2024-05-10 10:00', 'System', 501, 10000),
  (7, 'A', 'A-01-07', '> 500 Kg', '2024-05-10 10:00', 'System', '2024-05-10 10:00', 'System', 501, 10000),
  (8, 'A', 'A-01-08', '> 500 Kg', '2024-05-10 10:00', 'System', '2024-05-10 10:00', 'System', 501, 10000),
  (9, 'A', 'A-01-09', '> 500 Kg', '2024-05-10 10:00', 'System', '2024-05-10 10:00', 'System', 501, 10000),
  (10, 'A', 'A-01-10', '> 500 Kg', '2024-05-10 10:00', 'System', '2024-05-10 10:00', 'System', 501, 10000),
  (11, 'A', 'A-01-11', '> 500 Kg', '2024-05-10 10:00', 'System', '2024-05-10 10:00', 'System', 501, 10000),
  (12, 'A', 'A-01-12', '> 500 Kg', '2024-05-10 10:00', 'System', '2024-05-10 10:00', 'System', 501, 10000),
  (13, 'A', 'A-01-13', '> 500 Kg', '2024-05-10 10:00', 'System', '2024-05-10 10:00', 'System', 501, 10000),
  (14, 'A', 'A-01-14', '> 500 Kg', '2024-05-10 10:00', 'System', '2024-05-10 10:00', 'System', 501, 10000),
  (15, 'A', 'A-01-15', '> 500 Kg', '2024-05-10 10:00', 'System', '2024-05-10 10:00', 'System', 501, 10000),
  (16, 'A', 'A-01-16', '> 500 Kg', '2024-05-10 10:00', 'System', '2024-05-10 10:00', 'System', 501, 10000),
  (17, 'A', 'A-01-17', '> 500 Kg', '2024-05-10 10:00', 'System', '2024-05-10 10:00', 'System', 501, 10000),
  (18, 'A', 'A-01-18', '> 500 Kg', '2024-05-10 10:00', 'System', '2024-05-10 10:00', 'System', 501, 10000),
  (19, 'A', 'A-01-19', '> 500 Kg', '2024-05-10 10:00', 'System', '2024-05-10 10:00', 'System', 501, 10000),
  (20, 'A', 'A-02-01', '> 300 Kg ? 500 Kg', '2024-05-10 10:00', 'System', '2024-05-10 10:00', 'System', 301, 500),
  (21, 'A', 'A-02-02', '> 300 Kg ? 500 Kg', '2024-05-10 10:00', 'System', '2024-05-10 10:00', 'System', 301, 500),
  (22, 'A', 'A-02-03', '> 300 Kg ? 500 Kg', '2024-05-10 10:00', 'System', '2024-05-10 10:00', 'System', 301, 500),
  (23, 'A', 'A-02-04', '> 300 Kg ? 500 Kg', '2024-05-10 10:00', 'System', '2024-05-10 10:00', 'System', 301, 500),
  (24, 'A', 'A-02-05', '> 300 Kg ? 500 Kg', '2024-05-10 10:00', 'System', '2024-05-10 10:00', 'System', 301, 500),
  (25, 'A', 'A-02-06', '> 300 Kg ? 500 Kg', '2024-05-10 10:00', 'System', '2024-05-10 10:00', 'System', 301, 500),
  (26, 'A', 'A-02-07', '> 300 Kg ? 500 Kg', '2024-05-10 10:00', 'System', '2024-05-10 10:00', 'System', 301, 500),
  (27, 'A', 'A-02-08', '> 300 Kg ? 500 Kg', '2024-05-10 10:00', 'System', '2024-05-10 10:00', 'System', 301, 500),
  (28, 'A', 'A-02-09', '> 300 Kg ? 500 Kg', '2024-05-10 10:00', 'System', '2024-05-10 10:00', 'System', 301, 500),
  (29, 'A', 'A-02-10', '> 300 Kg ? 500 Kg', '2024-05-10 10:00', 'System', '2024-05-10 10:00', 'System', 301, 500),
  (30, 'A', 'A-02-11', '> 300 Kg ? 500 Kg', '2024-05-10 10:00', 'System', '2024-05-10 10:00', 'System', 301, 500),
  (31, 'A', 'A-02-12', '> 300 Kg ? 500 Kg', '2024-05-10 10:00', 'System', '2024-05-10 10:00', 'System', 301, 500),
  (32, 'A', 'A-02-13', '> 300 Kg ? 500 Kg', '2024-05-10 10:00', 'System', '2024-05-10 10:00', 'System', 301, 500),
  (33, 'A', 'A-02-14', '> 300 Kg ? 500 Kg', '2024-05-10 10:00', 'System', '2024-05-10 10:00', 'System', 301, 500),
  (34, 'A', 'A-02-15', '> 300 Kg ? 500 Kg', '2024-05-10 10:00', 'System', '2024-05-10 10:00', 'System', 301, 500),
  (35, 'A', 'A-02-16', '> 300 Kg ? 500 Kg', '2024-05-10 10:00', 'System', '2024-05-10 10:00', 'System', 301, 500),
  (36, 'A', 'A-02-17', '> 300 Kg ? 500 Kg', '2024-05-10 10:00', 'System', '2024-05-10 10:00', 'System', 301, 500),
  (37, 'A', 'A-02-18', '> 300 Kg ? 500 Kg', '2024-05-10 10:00', 'System', '2024-05-10 10:00', 'System', 301, 500),
  (38, 'A', 'A-02-19', '> 300 Kg ? 500 Kg', '2024-05-10 10:00', 'System', '2024-05-10 10:00', 'System', 301, 500),
  (39, 'A', 'A-03-01', '> 300 Kg ? 500 Kg', '2024-05-10 10:00', 'System', '2024-05-10 10:00', 'System', 301, 500),
  (40, 'A', 'A-03-02', '> 300 Kg ? 500 Kg', '2024-05-10 10:00', 'System', '2024-05-10 10:00', 'System', 301, 500),
  (41, 'A', 'A-03-03', '> 300 Kg ? 500 Kg', '2024-05-10 10:00', 'System', '2024-05-10 10:00', 'System', 301, 500),
  (42, 'A', 'A-03-04', '> 300 Kg ? 500 Kg', '2024-05-10 10:00', 'System', '2024-05-10 10:00', 'System', 301, 500),
  (43, 'A', 'A-03-05', '> 300 Kg ? 500 Kg', '2024-05-10 10:00', 'System', '2024-05-10 10:00', 'System', 301, 500),
  (44, 'A', 'A-03-06', '> 300 Kg ? 500 Kg', '2024-05-10 10:00', 'System', '2024-05-10 10:00', 'System', 301, 500),
  (45, 'A', 'A-03-07', '> 300 Kg ? 500 Kg', '2024-05-10 10:00', 'System', '2024-05-10 10:00', 'System', 301, 500),
  (46, 'A', 'A-03-08', '> 300 Kg ? 500 Kg', '2024-05-10 10:00', 'System', '2024-05-10 10:00', 'System', 301, 500),
  (47, 'A', 'A-03-09', '> 300 Kg ? 500 Kg', '2024-05-10 10:00', 'System', '2024-05-10 10:00', 'System', 301, 500),
  (48, 'A', 'A-03-10', '> 300 Kg ? 500 Kg', '2024-05-10 10:00', 'System', '2024-05-10 10:00', 'System', 301, 500),
  (49, 'A', 'A-03-11', '> 300 Kg ? 500 Kg', '2024-05-10 10:00', 'System', '2024-05-10 10:00', 'System', 301, 500),
  (50, 'A', 'A-03-12', '> 300 Kg ? 500 Kg', '2024-05-10 10:00', 'System', '2024-05-10 10:00', 'System', 301, 500),
  (51, 'A', 'A-03-13', '> 300 Kg ? 500 Kg', '2024-05-10 10:00', 'System', '2024-05-10 10:00', 'System', 301, 500),
  (52, 'A', 'A-03-14', '> 300 Kg ? 500 Kg', '2024-05-10 10:00', 'System', '2024-05-10 10:00', 'System', 301, 500),
  (53, 'A', 'A-03-15', '> 300 Kg ? 500 Kg', '2024-05-10 10:00', 'System', '2024-05-10 10:00', 'System', 301, 500),
  (54, 'A', 'A-03-16', '> 300 Kg ? 500 Kg', '2024-05-10 10:00', 'System', '2024-05-10 10:00', 'System', 301, 500),
  (55, 'A', 'A-03-17', '> 300 Kg ? 500 Kg', '2024-05-10 10:00', 'System', '2024-05-10 10:00', 'System', 301, 500),
  (56, 'A', 'A-03-18', '> 300 Kg ? 500 Kg', '2024-05-10 10:00', 'System', '2024-05-10 10:00', 'System', 301, 500),
  (57, 'A', 'A-03-19', '> 300 Kg ? 500 Kg', '2024-05-10 10:00', 'System', '2024-05-10 10:00', 'System', 301, 500),
  (58, 'A', 'A-04-01', '? 300 Kg', '2024-05-10 10:00', 'System', '2024-05-10 10:00', 'System', 0, 300),
  (59, 'A', 'A-04-02', '? 300 Kg', '2024-05-10 10:00', 'System', '2024-05-10 10:00', 'System', 0, 300),
  (60, 'A', 'A-04-03', '? 300 Kg', '2024-05-10 10:00', 'System', '2024-05-10 10:00', 'System', 0, 300),
  (61, 'A', 'A-04-04', '? 300 Kg', '2024-05-10 10:00', 'System', '2024-05-10 10:00', 'System', 0, 300),
  (62, 'A', 'A-04-05', '? 300 Kg', '2024-05-10 10:00', 'System', '2024-05-10 10:00', 'System', 0, 300),
  (63, 'A', 'A-04-06', '? 300 Kg', '2024-05-10 10:00', 'System', '2024-05-10 10:00', 'System', 0, 300),
  (64, 'A', 'A-04-07', '? 300 Kg', '2024-05-10 10:00', 'System', '2024-05-10 10:00', 'System', 0, 300),
  (65, 'A', 'A-04-08', '? 300 Kg', '2024-05-10 10:00', 'System', '2024-05-10 10:00', 'System', 0, 300),
  (66, 'A', 'A-04-09', '? 300 Kg', '2024-05-10 10:00', 'System', '2024-05-10 10:00', 'System', 0, 300),
  (67, 'A', 'A-04-10', '? 300 Kg', '2024-05-10 10:00', 'System', '2024-05-10 10:00', 'System', 0, 300),
  (68, 'A', 'A-04-11', '? 300 Kg', '2024-05-10 10:00', 'System', '2024-05-10 10:00', 'System', 0, 300),
  (69, 'A', 'A-04-12', '? 300 Kg', '2024-05-10 10:00', 'System', '2024-05-10 10:00', 'System', 0, 300),
  (70, 'A', 'A-04-13', '? 300 Kg', '2024-05-10 10:00', 'System', '2024-05-10 10:00', 'System', 0, 300),
  (71, 'A', 'A-04-14', '? 300 Kg', '2024-05-10 10:00', 'System', '2024-05-10 10:00', 'System', 0, 300),
  (72, 'A', 'A-04-15', '? 300 Kg', '2024-05-10 10:00', 'System', '2024-05-10 10:00', 'System', 0, 300),
  (73, 'A', 'A-04-16', '? 300 Kg', '2024-05-10 10:00', 'System', '2024-05-10 10:00', 'System', 0, 300),
  (74, 'A', 'A-04-17', '? 300 Kg', '2024-05-10 10:00', 'System', '2024-05-10 10:00', 'System', 0, 300),
  (75, 'A', 'A-04-18', '? 300 Kg', '2024-05-10 10:00', 'System', '2024-05-10 10:00', 'System', 0, 300),
  (76, 'A', 'A-04-19', '? 300 Kg', '2024-05-10 10:00', 'System', '2024-05-10 10:00', 'System', 0, 300),
  (77, 'B', 'B-01-01', '> 500 Kg', '2024-05-10 10:00', 'System', '2024-05-10 10:00', 'System', 501, 10000),
  (78, 'B', 'B-01-02', '> 500 Kg', '2024-05-10 10:00', 'System', '2024-05-10 10:00', 'System', 501, 10000),
  (79, 'B', 'B-01-03', '> 500 Kg', '2024-05-10 10:00', 'System', '2024-05-10 10:00', 'System', 501, 10000),
  (80, 'B', 'B-01-04', '> 500 Kg', '2024-05-10 10:00', 'System', '2024-05-10 10:00', 'System', 501, 10000),
  (81, 'B', 'B-01-05', '> 500 Kg', '2024-05-10 10:00', 'System', '2024-05-10 10:00', 'System', 501, 10000),
  (82, 'B', 'B-01-06', '> 500 Kg', '2024-05-10 10:00', 'System', '2024-05-10 10:00', 'System', 501, 10000),
  (83, 'B', 'B-01-07', '> 500 Kg', '2024-05-10 10:00', 'System', '2024-05-10 10:00', 'System', 501, 10000),
  (84, 'B', 'B-01-08', '> 500 Kg', '2024-05-10 10:00', 'System', '2024-05-10 10:00', 'System', 501, 10000),
  (85, 'B', 'B-01-09', '> 500 Kg', '2024-05-10 10:00', 'System', '2024-05-10 10:00', 'System', 501, 10000),
  (86, 'B', 'B-01-10', '> 500 Kg', '2024-05-10 10:00', 'System', '2024-05-10 10:00', 'System', 501, 10000),
  (87, 'B', 'B-01-11', '> 500 Kg', '2024-05-10 10:00', 'System', '2024-05-10 10:00', 'System', 501, 10000),
  (88, 'B', 'B-01-12', '> 500 Kg', '2024-05-10 10:00', 'System', '2024-05-10 10:00', 'System', 501, 10000),
  (89, 'B', 'B-01-13', '> 500 Kg', '2024-05-10 10:00', 'System', '2024-05-10 10:00', 'System', 501, 10000),
  (90, 'B', 'B-01-14', '> 500 Kg', '2024-05-10 10:00', 'System', '2024-05-10 10:00', 'System', 501, 10000),
  (91, 'B', 'B-01-15', '> 500 Kg', '2024-05-10 10:00', 'System', '2024-05-10 10:00', 'System', 501, 10000),
  (92, 'B', 'B-02-01', '> 300 Kg ? 500 Kg', '2024-05-10 10:00', 'System', '2024-05-10 10:00', 'System', 301, 500),
  (93, 'B', 'B-02-02', '> 300 Kg ? 500 Kg', '2024-05-10 10:00', 'System', '2024-05-10 10:00', 'System', 301, 500),
  (94, 'B', 'B-02-03', '> 300 Kg ? 500 Kg', '2024-05-10 10:00', 'System', '2024-05-10 10:00', 'System', 301, 500),
  (95, 'B', 'B-02-04', '> 300 Kg ? 500 Kg', '2024-05-10 10:00', 'System', '2024-05-10 10:00', 'System', 301, 500),
  (96, 'B', 'B-02-05', '> 300 Kg ? 500 Kg', '2024-05-10 10:00', 'System', '2024-05-10 10:00', 'System', 301, 500),
  (97, 'B', 'B-02-06', '> 300 Kg ? 500 Kg', '2024-05-10 10:00', 'System', '2024-05-10 10:00', 'System', 301, 500),
  (98, 'B', 'B-02-07', '> 300 Kg ? 500 Kg', '2024-05-10 10:00', 'System', '2024-05-10 10:00', 'System', 301, 500),
  (99, 'B', 'B-02-08', '> 300 Kg ? 500 Kg', '2024-05-10 10:00', 'System', '2024-05-10 10:00', 'System', 301, 500),
  (100, 'B', 'B-02-09', '> 300 Kg ? 500 Kg', '2024-05-10 10:00', 'System', '2024-05-10 10:00', 'System', 301, 500),
  (101, 'B', 'B-02-10', '> 300 Kg ? 500 Kg', '2024-05-10 10:00', 'System', '2024-05-10 10:00', 'System', 301, 500),
  (102, 'B', 'B-02-11', '> 300 Kg ? 500 Kg', '2024-05-10 10:00', 'System', '2024-05-10 10:00', 'System', 301, 500),
  (103, 'B', 'B-02-12', '> 300 Kg ? 500 Kg', '2024-05-10 10:00', 'System', '2024-05-10 10:00', 'System', 301, 500),
  (104, 'B', 'B-02-13', '> 300 Kg ? 500 Kg', '2024-05-10 10:00', 'System', '2024-05-10 10:00', 'System', 301, 500),
  (105, 'B', 'B-02-14', '> 300 Kg ? 500 Kg', '2024-05-10 10:00', 'System', '2024-05-10 10:00', 'System', 301, 500),
  (106, 'B', 'B-02-15', '> 300 Kg ? 500 Kg', '2024-05-10 10:00', 'System', '2024-05-10 10:00', 'System', 301, 500),
  (107, 'B', 'B-03-01', '> 300 Kg ? 500 Kg', '2024-05-10 10:00', 'System', '2024-05-10 10:00', 'System', 301, 500),
  (108, 'B', 'B-03-02', '> 300 Kg ? 500 Kg', '2024-05-10 10:00', 'System', '2024-05-10 10:00', 'System', 301, 500),
  (109, 'B', 'B-03-03', '> 300 Kg ? 500 Kg', '2024-05-10 10:00', 'System', '2024-05-10 10:00', 'System', 301, 500),
  (110, 'B', 'B-03-04', '> 300 Kg ? 500 Kg', '2024-05-10 10:00', 'System', '2024-05-10 10:00', 'System', 301, 500),
  (111, 'B', 'B-03-05', '> 300 Kg ? 500 Kg', '2024-05-10 10:00', 'System', '2024-05-10 10:00', 'System', 301, 500),
  (112, 'B', 'B-03-06', '> 300 Kg ? 500 Kg', '2024-05-10 10:00', 'System', '2024-05-10 10:00', 'System', 301, 500),
  (113, 'B', 'B-03-07', '> 300 Kg ? 500 Kg', '2024-05-10 10:00', 'System', '2024-05-10 10:00', 'System', 301, 500),
  (114, 'B', 'B-03-08', '> 300 Kg ? 500 Kg', '2024-05-10 10:00', 'System', '2024-05-10 10:00', 'System', 301, 500),
  (115, 'B', 'B-03-09', '> 300 Kg ? 500 Kg', '2024-05-10 10:00', 'System', '2024-05-10 10:00', 'System', 301, 500),
  (116, 'B', 'B-03-10', '> 300 Kg ? 500 Kg', '2024-05-10 10:00', 'System', '2024-05-10 10:00', 'System', 301, 500),
  (117, 'B', 'B-03-11', '> 300 Kg ? 500 Kg', '2024-05-10 10:00', 'System', '2024-05-10 10:00', 'System', 301, 500),
  (118, 'B', 'B-03-12', '> 300 Kg ? 500 Kg', '2024-05-10 10:00', 'System', '2024-05-10 10:00', 'System', 301, 500),
  (119, 'B', 'B-03-13', '> 300 Kg ? 500 Kg', '2024-05-10 10:00', 'System', '2024-05-10 10:00', 'System', 301, 500),
  (120, 'B', 'B-03-14', '> 300 Kg ? 500 Kg', '2024-05-10 10:00', 'System', '2024-05-10 10:00', 'System', 301, 500),
  (121, 'B', 'B-03-15', '> 300 Kg ? 500 Kg', '2024-05-10 10:00', 'System', '2024-05-10 10:00', 'System', 301, 500),
  (122, 'B', 'B-04-01', '? 300 Kg', '2024-05-10 10:00', 'System', '2024-05-10 10:00', 'System', 0, 300),
  (123, 'B', 'B-04-02', '? 300 Kg', '2024-05-10 10:00', 'System', '2024-05-10 10:00', 'System', 0, 300),
  (124, 'B', 'B-04-03', '? 300 Kg', '2024-05-10 10:00', 'System', '2024-05-10 10:00', 'System', 0, 300),
  (125, 'B', 'B-04-04', '? 300 Kg', '2024-05-10 10:00', 'System', '2024-05-10 10:00', 'System', 0, 300),
  (126, 'B', 'B-04-05', '? 300 Kg', '2024-05-10 10:00', 'System', '2024-05-10 10:00', 'System', 0, 300),
  (127, 'B', 'B-04-06', '? 300 Kg', '2024-05-10 10:00', 'System', '2024-05-10 10:00', 'System', 0, 300),
  (128, 'B', 'B-04-07', '? 300 Kg', '2024-05-10 10:00', 'System', '2024-05-10 10:00', 'System', 0, 300),
  (129, 'B', 'B-04-08', '? 300 Kg', '2024-05-10 10:00', 'System', '2024-05-10 10:00', 'System', 0, 300),
  (130, 'B', 'B-04-09', '? 300 Kg', '2024-05-10 10:00', 'System', '2024-05-10 10:00', 'System', 0, 300),
  (131, 'B', 'B-04-10', '? 300 Kg', '2024-05-10 10:00', 'System', '2024-05-10 10:00', 'System', 0, 300),
  (132, 'B', 'B-04-11', '? 300 Kg', '2024-05-10 10:00', 'System', '2024-05-10 10:00', 'System', 0, 300),
  (133, 'B', 'B-04-12', '? 300 Kg', '2024-05-10 10:00', 'System', '2024-05-10 10:00', 'System', 0, 300),
  (134, 'B', 'B-04-13', '? 300 Kg', '2024-05-10 10:00', 'System', '2024-05-10 10:00', 'System', 0, 300),
  (135, 'B', 'B-04-14', '? 300 Kg', '2024-05-10 10:00', 'System', '2024-05-10 10:00', 'System', 0, 300),
  (136, 'B', 'B-04-15', '? 300 Kg', '2024-05-10 10:00', 'System', '2024-05-10 10:00', 'System', 0, 300),
  (137, 'C', 'C-01-01', '> 500 Kg', '2024-05-10 10:00', 'System', '2024-05-10 10:00', 'System', 501, 10000000),
  (138, 'C', 'C-01-02', '> 500 Kg', '2024-05-10 10:00', 'System', '2024-05-10 10:00', 'System', 501, 10000000),
  (139, 'C', 'C-01-03', '> 500 Kg', '2024-05-10 10:00', 'System', '2024-05-10 10:00', 'System', 501, 10000000),
  (140, 'C', 'C-01-04', '> 500 Kg', '2024-05-10 10:00', 'System', '2024-05-10 10:00', 'System', 501, 10000000),
  (141, 'C', 'C-01-05', '> 500 Kg', '2024-05-10 10:00', 'System', '2024-05-10 10:00', 'System', 501, 10000000),
  (142, 'C', 'C-01-06', '> 500 Kg', '2024-05-10 10:00', 'System', '2024-05-10 10:00', 'System', 501, 10000000),
  (143, 'C', 'C-01-07', '> 500 Kg', '2024-05-10 10:00', 'System', '2024-05-10 10:00', 'System', 501, 10000000),
  (144, 'C', 'C-01-08', '> 500 Kg', '2024-05-10 10:00', 'System', '2024-05-10 10:00', 'System', 501, 10000000),
  (145, 'C', 'C-01-09', '> 500 Kg', '2024-05-10 10:00', 'System', '2024-05-10 10:00', 'System', 501, 10000000),
  (146, 'C', 'C-01-10', '> 500 Kg', '2024-05-10 10:00', 'System', '2024-05-10 10:00', 'System', 501, 10000000),
  (147, 'C', 'C-01-11', '> 500 Kg', '2024-05-10 10:00', 'System', '2024-05-10 10:00', 'System', 501, 10000000),
  (148, 'C', 'C-01-12', '> 500 Kg', '2024-05-10 10:00', 'System', '2024-05-10 10:00', 'System', 501, 10000000),
  (149, 'C', 'C-01-13', '> 500 Kg', '2024-05-10 10:00', 'System', '2024-05-10 10:00', 'System', 501, 10000000),
  (150, 'C', 'C-01-14', '> 500 Kg', '2024-05-10 10:00', 'System', '2024-05-10 10:00', 'System', 501, 10000000),
  (151, 'C', 'C-02-01', '> 300 Kg ? 500 Kg', '2024-05-10 10:00', 'System', '2024-05-10 10:00', 'System', 301, 500),
  (152, 'C', 'C-02-02', '> 300 Kg ? 500 Kg', '2024-05-10 10:00', 'System', '2024-05-10 10:00', 'System', 301, 500),
  (153, 'C', 'C-02-03', '> 300 Kg ? 500 Kg', '2024-05-10 10:00', 'System', '2024-05-10 10:00', 'System', 301, 500),
  (154, 'C', 'C-02-04', '> 300 Kg ? 500 Kg', '2024-05-10 10:00', 'System', '2024-05-10 10:00', 'System', 301, 500),
  (155, 'C', 'C-02-05', '> 300 Kg ? 500 Kg', '2024-05-10 10:00', 'System', '2024-05-10 10:00', 'System', 301, 500),
  (156, 'C', 'C-02-06', '> 300 Kg ? 500 Kg', '2024-05-10 10:00', 'System', '2024-05-10 10:00', 'System', 301, 500),
  (157, 'C', 'C-02-07', '> 300 Kg ? 500 Kg', '2024-05-10 10:00', 'System', '2024-05-10 10:00', 'System', 301, 500),
  (158, 'C', 'C-02-08', '> 300 Kg ? 500 Kg', '2024-05-10 10:00', 'System', '2024-05-10 10:00', 'System', 301, 500),
  (159, 'C', 'C-02-09', '> 300 Kg ? 500 Kg', '2024-05-10 10:00', 'System', '2024-05-10 10:00', 'System', 301, 500),
  (160, 'C', 'C-02-10', '> 300 Kg ? 500 Kg', '2024-05-10 10:00', 'System', '2024-05-10 10:00', 'System', 301, 500),
  (161, 'C', 'C-02-11', '> 300 Kg ? 500 Kg', '2024-05-10 10:00', 'System', '2024-05-10 10:00', 'System', 301, 500),
  (162, 'C', 'C-02-12', '> 300 Kg ? 500 Kg', '2024-05-10 10:00', 'System', '2024-05-10 10:00', 'System', 301, 500),
  (163, 'C', 'C-02-13', '> 300 Kg ? 500 Kg', '2024-05-10 10:00', 'System', '2024-05-10 10:00', 'System', 301, 500),
  (164, 'C', 'C-02-14', '> 300 Kg ? 500 Kg', '2024-05-10 10:00', 'System', '2024-05-10 10:00', 'System', 301, 500),
  (165, 'C', 'C-03-01', '> 300 Kg ? 500 Kg', '2024-05-10 10:00', 'System', '2024-05-10 10:00', 'System', 301, 500),
  (166, 'C', 'C-03-02', '> 300 Kg ? 500 Kg', '2024-05-10 10:00', 'System', '2024-05-10 10:00', 'System', 301, 500),
  (167, 'C', 'C-03-03', '> 300 Kg ? 500 Kg', '2024-05-10 10:00', 'System', '2024-05-10 10:00', 'System', 301, 500),
  (168, 'C', 'C-03-04', '> 300 Kg ? 500 Kg', '2024-05-10 10:00', 'System', '2024-05-10 10:00', 'System', 301, 500),
  (169, 'C', 'C-03-05', '> 300 Kg ? 500 Kg', '2024-05-10 10:00', 'System', '2024-05-10 10:00', 'System', 301, 500),
  (170, 'C', 'C-03-06', '> 300 Kg ? 500 Kg', '2024-05-10 10:00', 'System', '2024-05-10 10:00', 'System', 301, 500),
  (171, 'C', 'C-03-07', '> 300 Kg ? 500 Kg', '2024-05-10 10:00', 'System', '2024-05-10 10:00', 'System', 301, 500),
  (172, 'C', 'C-03-08', '> 300 Kg ? 500 Kg', '2024-05-10 10:00', 'System', '2024-05-10 10:00', 'System', 301, 500),
  (173, 'C', 'C-03-09', '> 300 Kg ? 500 Kg', '2024-05-10 10:00', 'System', '2024-05-10 10:00', 'System', 301, 500),
  (174, 'C', 'C-03-10', '> 300 Kg ? 500 Kg', '2024-05-10 10:00', 'System', '2024-05-10 10:00', 'System', 301, 500),
  (175, 'C', 'C-03-11', '> 300 Kg ? 500 Kg', '2024-05-10 10:00', 'System', '2024-05-10 10:00', 'System', 301, 500),
  (176, 'C', 'C-03-12', '> 300 Kg ? 500 Kg', '2024-05-10 10:00', 'System', '2024-05-10 10:00', 'System', 301, 500),
  (177, 'C', 'C-03-13', '> 300 Kg ? 500 Kg', '2024-05-10 10:00', 'System', '2024-05-10 10:00', 'System', 301, 500),
  (178, 'C', 'C-03-14', '> 300 Kg ? 500 Kg', '2024-05-10 10:00', 'System', '2024-05-10 10:00', 'System', 301, 500),
  (179, 'C', 'C-04-01', '? 300 Kg', '2024-05-10 10:00', 'System', '2024-05-10 10:00', 'System', 0, 300),
  (180, 'C', 'C-04-02', '? 300 Kg', '2024-05-10 10:00', 'System', '2024-05-10 10:00', 'System', 0, 300),
  (181, 'C', 'C-04-03', '? 300 Kg', '2024-05-10 10:00', 'System', '2024-05-10 10:00', 'System', 0, 300),
  (182, 'C', 'C-04-04', '? 300 Kg', '2024-05-10 10:00', 'System', '2024-05-10 10:00', 'System', 0, 300),
  (183, 'C', 'C-04-05', '? 300 Kg', '2024-05-10 10:00', 'System', '2024-05-10 10:00', 'System', 0, 300),
  (184, 'C', 'C-04-06', '? 300 Kg', '2024-05-10 10:00', 'System', '2024-05-10 10:00', 'System', 0, 300),
  (185, 'C', 'C-04-07', '? 300 Kg', '2024-05-10 10:00', 'System', '2024-05-10 10:00', 'System', 0, 300),
  (186, 'C', 'C-04-08', '? 300 Kg', '2024-05-10 10:00', 'System', '2024-05-10 10:00', 'System', 0, 300),
  (187, 'C', 'C-04-09', '? 300 Kg', '2024-05-10 10:00', 'System', '2024-05-10 10:00', 'System', 0, 300),
  (188, 'C', 'C-04-10', '? 300 Kg', '2024-05-10 10:00', 'System', '2024-05-10 10:00', 'System', 0, 300),
  (189, 'C', 'C-04-11', '? 300 Kg', '2024-05-10 10:00', 'System', '2024-05-10 10:00', 'System', 0, 300),
  (190, 'C', 'C-04-12', '? 300 Kg', '2024-05-10 10:00', 'System', '2024-05-10 10:00', 'System', 0, 300),
  (191, 'C', 'C-04-13', '? 300 Kg', '2024-05-10 10:00', 'System', '2024-05-10 10:00', 'System', 0, 300),
  (192, 'C', 'C-04-14', '? 300 Kg', '2024-05-10 10:00', 'System', '2024-05-10 10:00', 'System', 0, 300),
  (193, 'D', 'D-01-01', '> 500 Kg', '2024-05-10 10:00', 'System', '2024-05-10 10:00', 'System', 501, 10000000),
  (194, 'D', 'D-01-02', '> 500 Kg', '2024-05-10 10:00', 'System', '2024-05-10 10:00', 'System', 501, 10000000),
  (195, 'D', 'D-01-03', '> 500 Kg', '2024-05-10 10:00', 'System', '2024-05-10 10:00', 'System', 501, 10000000),
  (196, 'D', 'D-01-04', '> 500 Kg', '2024-05-10 10:00', 'System', '2024-05-10 10:00', 'System', 501, 10000000),
  (197, 'D', 'D-01-05', '> 500 Kg', '2024-05-10 10:00', 'System', '2024-05-10 10:00', 'System', 501, 10000000),
  (198, 'D', 'D-01-06', '> 500 Kg', '2024-05-10 10:00', 'System', '2024-05-10 10:00', 'System', 501, 10000000),
  (199, 'D', 'D-01-07', '> 500 Kg', '2024-05-10 10:00', 'System', '2024-05-10 10:00', 'System', 501, 10000000),
  (200, 'D', 'D-01-08', '> 500 Kg', '2024-05-10 10:00', 'System', '2024-05-10 10:00', 'System', 501, 10000000),
  (201, 'D', 'D-01-09', '> 500 Kg', '2024-05-10 10:00', 'System', '2024-05-10 10:00', 'System', 501, 10000000),
  (202, 'D', 'D-01-10', '> 500 Kg', '2024-05-10 10:00', 'System', '2024-05-10 10:00', 'System', 501, 10000000),
  (203, 'D', 'D-01-11', '> 500 Kg', '2024-05-10 10:00', 'System', '2024-05-10 10:00', 'System', 501, 10000000),
  (204, 'D', 'D-01-12', '> 500 Kg', '2024-05-10 10:00', 'System', '2024-05-10 10:00', 'System', 501, 10000000),
  (205, 'D', 'D-01-13', '> 500 Kg', '2024-05-10 10:00', 'System', '2024-05-10 10:00', 'System', 501, 10000000),
  (206, 'D', 'D-01-14', '> 500 Kg', '2024-05-10 10:00', 'System', '2024-05-10 10:00', 'System', 501, 10000000),
  (207, 'D', 'D-02-01', '> 300 Kg ? 500 Kg', '2024-05-10 10:00', 'System', '2024-05-10 10:00', 'System', 301, 500),
  (208, 'D', 'D-02-02', '> 300 Kg ? 500 Kg', '2024-05-10 10:00', 'System', '2024-05-10 10:00', 'System', 301, 500),
  (209, 'D', 'D-02-03', '> 300 Kg ? 500 Kg', '2024-05-10 10:00', 'System', '2024-05-10 10:00', 'System', 301, 500),
  (210, 'D', 'D-02-04', '> 300 Kg ? 500 Kg', '2024-05-10 10:00', 'System', '2024-05-10 10:00', 'System', 301, 500),
  (211, 'D', 'D-02-05', '> 300 Kg ? 500 Kg', '2024-05-10 10:00', 'System', '2024-05-10 10:00', 'System', 301, 500),
  (212, 'D', 'D-02-06', '> 300 Kg ? 500 Kg', '2024-05-10 10:00', 'System', '2024-05-10 10:00', 'System', 301, 500),
  (213, 'D', 'D-02-07', '> 300 Kg ? 500 Kg', '2024-05-10 10:00', 'System', '2024-05-10 10:00', 'System', 301, 500),
  (214, 'D', 'D-02-08', '> 300 Kg ? 500 Kg', '2024-05-10 10:00', 'System', '2024-05-10 10:00', 'System', 301, 500),
  (215, 'D', 'D-02-09', '> 300 Kg ? 500 Kg', '2024-05-10 10:00', 'System', '2024-05-10 10:00', 'System', 301, 500),
  (216, 'D', 'D-02-10', '> 300 Kg ? 500 Kg', '2024-05-10 10:00', 'System', '2024-05-10 10:00', 'System', 301, 500),
  (217, 'D', 'D-02-11', '> 300 Kg ? 500 Kg', '2024-05-10 10:00', 'System', '2024-05-10 10:00', 'System', 301, 500),
  (218, 'D', 'D-02-12', '> 300 Kg ? 500 Kg', '2024-05-10 10:00', 'System', '2024-05-10 10:00', 'System', 301, 500),
  (219, 'D', 'D-02-13', '> 300 Kg ? 500 Kg', '2024-05-10 10:00', 'System', '2024-05-10 10:00', 'System', 301, 500),
  (220, 'D', 'D-02-14', '> 300 Kg ? 500 Kg', '2024-05-10 10:00', 'System', '2024-05-10 10:00', 'System', 301, 500),
  (221, 'D', 'D-03-01', '> 300 Kg ? 500 Kg', '2024-05-10 10:00', 'System', '2024-05-10 10:00', 'System', 301, 500),
  (222, 'D', 'D-03-02', '> 300 Kg ? 500 Kg', '2024-05-10 10:00', 'System', '2024-05-10 10:00', 'System', 301, 500),
  (223, 'D', 'D-03-03', '> 300 Kg ? 500 Kg', '2024-05-10 10:00', 'System', '2024-05-10 10:00', 'System', 301, 500),
  (224, 'D', 'D-03-04', '> 300 Kg ? 500 Kg', '2024-05-10 10:00', 'System', '2024-05-10 10:00', 'System', 301, 500),
  (225, 'D', 'D-03-05', '> 300 Kg ? 500 Kg', '2024-05-10 10:00', 'System', '2024-05-10 10:00', 'System', 301, 500),
  (226, 'D', 'D-03-06', '> 300 Kg ? 500 Kg', '2024-05-10 10:00', 'System', '2024-05-10 10:00', 'System', 301, 500),
  (227, 'D', 'D-03-07', '> 300 Kg ? 500 Kg', '2024-05-10 10:00', 'System', '2024-05-10 10:00', 'System', 301, 500),
  (228, 'D', 'D-03-08', '> 300 Kg ? 500 Kg', '2024-05-10 10:00', 'System', '2024-05-10 10:00', 'System', 301, 500),
  (229, 'D', 'D-03-09', '> 300 Kg ? 500 Kg', '2024-05-10 10:00', 'System', '2024-05-10 10:00', 'System', 301, 500),
  (230, 'D', 'D-03-10', '> 300 Kg ? 500 Kg', '2024-05-10 10:00', 'System', '2024-05-10 10:00', 'System', 301, 500),
  (231, 'D', 'D-03-11', '> 300 Kg ? 500 Kg', '2024-05-10 10:00', 'System', '2024-05-10 10:00', 'System', 301, 500),
  (232, 'D', 'D-03-12', '> 300 Kg ? 500 Kg', '2024-05-10 10:00', 'System', '2024-05-10 10:00', 'System', 301, 500),
  (233, 'D', 'D-03-13', '> 300 Kg ? 500 Kg', '2024-05-10 10:00', 'System', '2024-05-10 10:00', 'System', 301, 500),
  (234, 'D', 'D-03-14', '> 300 Kg ? 500 Kg', '2024-05-10 10:00', 'System', '2024-05-10 10:00', 'System', 301, 500),
  (235, 'D', 'D-04-01', '? 300 Kg', '2024-05-10 10:00', 'System', '2024-05-10 10:00', 'System', 0, 300),
  (236, 'D', 'D-04-02', '? 300 Kg', '2024-05-10 10:00', 'System', '2024-05-10 10:00', 'System', 0, 300),
  (237, 'D', 'D-04-03', '? 300 Kg', '2024-05-10 10:00', 'System', '2024-05-10 10:00', 'System', 0, 300),
  (238, 'D', 'D-04-04', '? 300 Kg', '2024-05-10 10:00', 'System', '2024-05-10 10:00', 'System', 0, 300),
  (239, 'D', 'D-04-05', '? 300 Kg', '2024-05-10 10:00', 'System', '2024-05-10 10:00', 'System', 0, 300),
  (240, 'D', 'D-04-06', '? 300 Kg', '2024-05-10 10:00', 'System', '2024-05-10 10:00', 'System', 0, 300),
  (241, 'D', 'D-04-07', '? 300 Kg', '2024-05-10 10:00', 'System', '2024-05-10 10:00', 'System', 0, 300),
  (242, 'D', 'D-04-08', '? 300 Kg', '2024-05-10 10:00', 'System', '2024-05-10 10:00', 'System', 0, 300),
  (243, 'D', 'D-04-09', '? 300 Kg', '2024-05-10 10:00', 'System', '2024-05-10 10:00', 'System', 0, 300),
  (244, 'D', 'D-04-10', '? 300 Kg', '2024-05-10 10:00', 'System', '2024-05-10 10:00', 'System', 0, 300),
  (245, 'D', 'D-04-11', '? 300 Kg', '2024-05-10 10:00', 'System', '2024-05-10 10:00', 'System', 0, 300),
  (246, 'D', 'D-04-12', '? 300 Kg', '2024-05-10 10:00', 'System', '2024-05-10 10:00', 'System', 0, 300),
  (247, 'D', 'D-04-13', '? 300 Kg', '2024-05-10 10:00', 'System', '2024-05-10 10:00', 'System', 0, 300),
  (248, 'D', 'D-04-14', '? 300 Kg', '2024-05-10 10:00', 'System', '2024-05-10 10:00', 'System', 0, 300),
  (249, 'E', 'E-01-01', '> 500 Kg', '2024-05-10 10:00', 'System', '2024-05-10 10:00', 'System', 501, 10000000),
  (250, 'E', 'E-01-02', '> 500 Kg', '2024-05-10 10:00', 'System', '2024-05-10 10:00', 'System', 501, 10000000),
  (251, 'E', 'E-01-03', '> 500 Kg', '2024-05-10 10:00', 'System', '2024-05-10 10:00', 'System', 501, 10000000),
  (252, 'E', 'E-01-04', '> 500 Kg', '2024-05-10 10:00', 'System', '2024-05-10 10:00', 'System', 501, 10000000),
  (253, 'E', 'E-01-05', '> 500 Kg', '2024-05-10 10:00', 'System', '2024-05-10 10:00', 'System', 501, 10000000),
  (254, 'E', 'E-01-06', '> 500 Kg', '2024-05-10 10:00', 'System', '2024-05-10 10:00', 'System', 501, 10000000),
  (255, 'E', 'E-01-07', '> 500 Kg', '2024-05-10 10:00', 'System', '2024-05-10 10:00', 'System', 501, 10000000),
  (256, 'E', 'E-01-08', '> 500 Kg', '2024-05-10 10:00', 'System', '2024-05-10 10:00', 'System', 501, 10000000),
  (257, 'E', 'E-01-09', '> 500 Kg', '2024-05-10 10:00', 'System', '2024-05-10 10:00', 'System', 501, 10000000),
  (258, 'E', 'E-01-10', '> 500 Kg', '2024-05-10 10:00', 'System', '2024-05-10 10:00', 'System', 501, 10000000),
  (259, 'E', 'E-01-11', '> 500 Kg', '2024-05-10 10:00', 'System', '2024-05-10 10:00', 'System', 501, 10000000),
  (260, 'E', 'E-01-12', '> 500 Kg', '2024-05-10 10:00', 'System', '2024-05-10 10:00', 'System', 501, 10000000),
  (261, 'E', 'E-01-13', '> 500 Kg', '2024-05-10 10:00', 'System', '2024-05-10 10:00', 'System', 501, 10000000),
  (262, 'E', 'E-01-14', '> 500 Kg', '2024-05-10 10:00', 'System', '2024-05-10 10:00', 'System', 501, 10000000),
  (263, 'E', 'E-02-01', '> 300 Kg ? 500 Kg', '2024-05-10 10:00', 'System', '2024-05-10 10:00', 'System', 301, 500),
  (264, 'E', 'E-02-02', '> 300 Kg ? 500 Kg', '2024-05-10 10:00', 'System', '2024-05-10 10:00', 'System', 301, 500),
  (265, 'E', 'E-02-03', '> 300 Kg ? 500 Kg', '2024-05-10 10:00', 'System', '2024-05-10 10:00', 'System', 301, 500),
  (266, 'E', 'E-02-04', '> 300 Kg ? 500 Kg', '2024-05-10 10:00', 'System', '2024-05-10 10:00', 'System', 301, 500),
  (267, 'E', 'E-02-05', '> 300 Kg ? 500 Kg', '2024-05-10 10:00', 'System', '2024-05-10 10:00', 'System', 301, 500),
  (268, 'E', 'E-02-06', '> 300 Kg ? 500 Kg', '2024-05-10 10:00', 'System', '2024-05-10 10:00', 'System', 301, 500),
  (269, 'E', 'E-02-07', '> 300 Kg ? 500 Kg', '2024-05-10 10:00', 'System', '2024-05-10 10:00', 'System', 301, 500),
  (270, 'E', 'E-02-08', '> 300 Kg ? 500 Kg', '2024-05-10 10:00', 'System', '2024-05-10 10:00', 'System', 301, 500),
  (271, 'E', 'E-02-09', '> 300 Kg ? 500 Kg', '2024-05-10 10:00', 'System', '2024-05-10 10:00', 'System', 301, 500),
  (272, 'E', 'E-02-10', '> 300 Kg ? 500 Kg', '2024-05-10 10:00', 'System', '2024-05-10 10:00', 'System', 301, 500),
  (273, 'E', 'E-02-11', '> 300 Kg ? 500 Kg', '2024-05-10 10:00', 'System', '2024-05-10 10:00', 'System', 301, 500),
  (274, 'E', 'E-02-12', '> 300 Kg ? 500 Kg', '2024-05-10 10:00', 'System', '2024-05-10 10:00', 'System', 301, 500),
  (275, 'E', 'E-02-13', '> 300 Kg ? 500 Kg', '2024-05-10 10:00', 'System', '2024-05-10 10:00', 'System', 301, 500),
  (276, 'E', 'E-02-14', '> 300 Kg ? 500 Kg', '2024-05-10 10:00', 'System', '2024-05-10 10:00', 'System', 301, 500),
  (277, 'E', 'E-03-01', '> 300 Kg ? 500 Kg', '2024-05-10 10:00', 'System', '2024-05-10 10:00', 'System', 301, 500),
  (278, 'E', 'E-03-02', '> 300 Kg ? 500 Kg', '2024-05-10 10:00', 'System', '2024-05-10 10:00', 'System', 301, 500),
  (279, 'E', 'E-03-03', '> 300 Kg ? 500 Kg', '2024-05-10 10:00', 'System', '2024-05-10 10:00', 'System', 301, 500),
  (280, 'E', 'E-03-04', '> 300 Kg ? 500 Kg', '2024-05-10 10:00', 'System', '2024-05-10 10:00', 'System', 301, 500),
  (281, 'E', 'E-03-05', '> 300 Kg ? 500 Kg', '2024-05-10 10:00', 'System', '2024-05-10 10:00', 'System', 301, 500),
  (282, 'E', 'E-03-06', '> 300 Kg ? 500 Kg', '2024-05-10 10:00', 'System', '2024-05-10 10:00', 'System', 301, 500),
  (283, 'E', 'E-03-07', '> 300 Kg ? 500 Kg', '2024-05-10 10:00', 'System', '2024-05-10 10:00', 'System', 301, 500),
  (284, 'E', 'E-03-08', '> 300 Kg ? 500 Kg', '2024-05-10 10:00', 'System', '2024-05-10 10:00', 'System', 301, 500),
  (285, 'E', 'E-03-09', '> 300 Kg ? 500 Kg', '2024-05-10 10:00', 'System', '2024-05-10 10:00', 'System', 301, 500),
  (286, 'E', 'E-03-10', '> 300 Kg ? 500 Kg', '2024-05-10 10:00', 'System', '2024-05-10 10:00', 'System', 301, 500),
  (287, 'E', 'E-03-11', '> 300 Kg ? 500 Kg', '2024-05-10 10:00', 'System', '2024-05-10 10:00', 'System', 301, 500),
  (288, 'E', 'E-03-12', '> 300 Kg ? 500 Kg', '2024-05-10 10:00', 'System', '2024-05-10 10:00', 'System', 301, 500),
  (289, 'E', 'E-03-13', '> 300 Kg ? 500 Kg', '2024-05-10 10:00', 'System', '2024-05-10 10:00', 'System', 301, 500),
  (290, 'E', 'E-03-14', '> 300 Kg ? 500 Kg', '2024-05-10 10:00', 'System', '2024-05-10 10:00', 'System', 301, 500),
  (291, 'E', 'E-04-01', '? 300 Kg', '2024-05-10 10:00', 'System', '2024-05-10 10:00', 'System', 0, 300),
  (292, 'E', 'E-04-02', '? 300 Kg', '2024-05-10 10:00', 'System', '2024-05-10 10:00', 'System', 0, 300),
  (293, 'E', 'E-04-03', '? 300 Kg', '2024-05-10 10:00', 'System', '2024-05-10 10:00', 'System', 0, 300),
  (294, 'E', 'E-04-04', '? 300 Kg', '2024-05-10 10:00', 'System', '2024-05-10 10:00', 'System', 0, 300),
  (295, 'E', 'E-04-05', '? 300 Kg', '2024-05-10 10:00', 'System', '2024-05-10 10:00', 'System', 0, 300),
  (296, 'E', 'E-04-06', '? 300 Kg', '2024-05-10 10:00', 'System', '2024-05-10 10:00', 'System', 0, 300),
  (297, 'E', 'E-04-07', '? 300 Kg', '2024-05-10 10:00', 'System', '2024-05-10 10:00', 'System', 0, 300),
  (298, 'E', 'E-04-08', '? 300 Kg', '2024-05-10 10:00', 'System', '2024-05-10 10:00', 'System', 0, 300),
  (299, 'E', 'E-04-09', '? 300 Kg', '2024-05-10 10:00', 'System', '2024-05-10 10:00', 'System', 0, 300),
  (300, 'E', 'E-04-10', '? 300 Kg', '2024-05-10 10:00', 'System', '2024-05-10 10:00', 'System', 0, 300),
  (301, 'E', 'E-04-11', '? 300 Kg', '2024-05-10 10:00', 'System', '2024-05-10 10:00', 'System', 0, 300),
  (302, 'E', 'E-04-12', '? 300 Kg', '2024-05-10 10:00', 'System', '2024-05-10 10:00', 'System', 0, 300),
  (303, 'E', 'E-04-13', '? 300 Kg', '2024-05-10 10:00', 'System', '2024-05-10 10:00', 'System', 0, 300),
  (304, 'E', 'E-04-14', '? 300 Kg', '2024-05-10 10:00', 'System', '2024-05-10 10:00', 'System', 0, 300),
  (305, 'F', 'F-01-01', '> 500 Kg', '2024-05-10 10:00', 'System', '2024-05-10 10:00', 'System', 501, 10000000),
  (306, 'F', 'F-01-02', '> 500 Kg', '2024-05-10 10:00', 'System', '2024-05-10 10:00', 'System', 501, 10000000),
  (307, 'F', 'F-01-03', '> 500 Kg', '2024-05-10 10:00', 'System', '2024-05-10 10:00', 'System', 501, 10000000),
  (308, 'F', 'F-01-04', '> 500 Kg', '2024-05-10 10:00', 'System', '2024-05-10 10:00', 'System', 501, 10000000),
  (309, 'F', 'F-01-05', '> 500 Kg', '2024-05-10 10:00', 'System', '2024-05-10 10:00', 'System', 501, 10000000),
  (310, 'F', 'F-01-06', '> 500 Kg', '2024-05-10 10:00', 'System', '2024-05-10 10:00', 'System', 501, 10000000),
  (311, 'F', 'F-01-07', '> 500 Kg', '2024-05-10 10:00', 'System', '2024-05-10 10:00', 'System', 501, 10000000),
  (312, 'F', 'F-01-08', '> 500 Kg', '2024-05-10 10:00', 'System', '2024-05-10 10:00', 'System', 501, 10000000),
  (313, 'F', 'F-01-09', '> 500 Kg', '2024-05-10 10:00', 'System', '2024-05-10 10:00', 'System', 501, 10000000),
  (314, 'F', 'F-01-10', '> 500 Kg', '2024-05-10 10:00', 'System', '2024-05-10 10:00', 'System', 501, 10000000),
  (315, 'F', 'F-01-11', '> 500 Kg', '2024-05-10 10:00', 'System', '2024-05-10 10:00', 'System', 501, 10000000),
  (316, 'F', 'F-01-12', '> 500 Kg', '2024-05-10 10:00', 'System', '2024-05-10 10:00', 'System', 501, 10000000),
  (317, 'F', 'F-02-01', '> 300 Kg ? 500 Kg', '2024-05-10 10:00', 'System', '2024-05-10 10:00', 'System', 301, 500),
  (318, 'F', 'F-02-02', '> 300 Kg ? 500 Kg', '2024-05-10 10:00', 'System', '2024-05-10 10:00', 'System', 301, 500),
  (319, 'F', 'F-02-03', '> 300 Kg ? 500 Kg', '2024-05-10 10:00', 'System', '2024-05-10 10:00', 'System', 301, 500),
  (320, 'F', 'F-02-04', '> 300 Kg ? 500 Kg', '2024-05-10 10:00', 'System', '2024-05-10 10:00', 'System', 301, 500),
  (321, 'F', 'F-02-05', '> 300 Kg ? 500 Kg', '2024-05-10 10:00', 'System', '2024-05-10 10:00', 'System', 301, 500),
  (322, 'F', 'F-02-06', '> 300 Kg ? 500 Kg', '2024-05-10 10:00', 'System', '2024-05-10 10:00', 'System', 301, 500),
  (323, 'F', 'F-02-07', '> 300 Kg ? 500 Kg', '2024-05-10 10:00', 'System', '2024-05-10 10:00', 'System', 301, 500),
  (324, 'F', 'F-02-08', '> 300 Kg ? 500 Kg', '2024-05-10 10:00', 'System', '2024-05-10 10:00', 'System', 301, 500),
  (325, 'F', 'F-02-09', '> 300 Kg ? 500 Kg', '2024-05-10 10:00', 'System', '2024-05-10 10:00', 'System', 301, 500),
  (326, 'F', 'F-02-10', '> 300 Kg ? 500 Kg', '2024-05-10 10:00', 'System', '2024-05-10 10:00', 'System', 301, 500),
  (327, 'F', 'F-02-11', '> 300 Kg ? 500 Kg', '2024-05-10 10:00', 'System', '2024-05-10 10:00', 'System', 301, 500),
  (328, 'F', 'F-02-12', '> 300 Kg ? 500 Kg', '2024-05-10 10:00', 'System', '2024-05-10 10:00', 'System', 301, 500),
  (329, 'F', 'F-03-01', '> 300 Kg ? 500 Kg', '2024-05-10 10:00', 'System', '2024-05-10 10:00', 'System', 301, 500),
  (330, 'F', 'F-03-02', '> 300 Kg ? 500 Kg', '2024-05-10 10:00', 'System', '2024-05-10 10:00', 'System', 301, 500),
  (331, 'F', 'F-03-03', '> 300 Kg ? 500 Kg', '2024-05-10 10:00', 'System', '2024-05-10 10:00', 'System', 301, 500),
  (332, 'F', 'F-03-04', '> 300 Kg ? 500 Kg', '2024-05-10 10:00', 'System', '2024-05-10 10:00', 'System', 301, 500),
  (333, 'F', 'F-03-05', '> 300 Kg ? 500 Kg', '2024-05-10 10:00', 'System', '2024-05-10 10:00', 'System', 301, 500),
  (334, 'F', 'F-03-06', '> 300 Kg ? 500 Kg', '2024-05-10 10:00', 'System', '2024-05-10 10:00', 'System', 301, 500),
  (335, 'F', 'F-03-07', '> 300 Kg ? 500 Kg', '2024-05-10 10:00', 'System', '2024-05-10 10:00', 'System', 301, 500),
  (336, 'F', 'F-03-08', '> 300 Kg ? 500 Kg', '2024-05-10 10:00', 'System', '2024-05-10 10:00', 'System', 301, 500),
  (337, 'F', 'F-03-09', '> 300 Kg ? 500 Kg', '2024-05-10 10:00', 'System', '2024-05-10 10:00', 'System', 301, 500),
  (338, 'F', 'F-03-10', '> 300 Kg ? 500 Kg', '2024-05-10 10:00', 'System', '2024-05-10 10:00', 'System', 301, 500),
  (339, 'F', 'F-03-11', '> 300 Kg ? 500 Kg', '2024-05-10 10:00', 'System', '2024-05-10 10:00', 'System', 301, 500),
  (340, 'F', 'F-03-12', '> 300 Kg ? 500 Kg', '2024-05-10 10:00', 'System', '2024-05-10 10:00', 'System', 301, 500),
  (341, 'F', 'F-04-01', '? 300 Kg', '2024-05-10 10:00', 'System', '2024-05-10 10:00', 'System', 0, 300),
  (342, 'F', 'F-04-02', '? 300 Kg', '2024-05-10 10:00', 'System', '2024-05-10 10:00', 'System', 0, 300),
  (343, 'F', 'F-04-03', '? 300 Kg', '2024-05-10 10:00', 'System', '2024-05-10 10:00', 'System', 0, 300),
  (344, 'F', 'F-04-04', '? 300 Kg', '2024-05-10 10:00', 'System', '2024-05-10 10:00', 'System', 0, 300),
  (345, 'F', 'F-04-05', '? 300 Kg', '2024-05-10 10:00', 'System', '2024-05-10 10:00', 'System', 0, 300),
  (346, 'F', 'F-04-06', '? 300 Kg', '2024-05-10 10:00', 'System', '2024-05-10 10:00', 'System', 0, 300),
  (347, 'F', 'F-04-07', '? 300 Kg', '2024-05-10 10:00', 'System', '2024-05-10 10:00', 'System', 0, 300),
  (348, 'F', 'F-04-08', '? 300 Kg', '2024-05-10 10:00', 'System', '2024-05-10 10:00', 'System', 0, 300),
  (349, 'F', 'F-04-09', '? 300 Kg', '2024-05-10 10:00', 'System', '2024-05-10 10:00', 'System', 0, 300),
  (350, 'F', 'F-04-10', '? 300 Kg', '2024-05-10 10:00', 'System', '2024-05-10 10:00', 'System', 0, 300),
  (351, 'F', 'F-04-11', '? 300 Kg', '2024-05-10 10:00', 'System', '2024-05-10 10:00', 'System', 0, 300),
  (352, 'F', 'F-04-12', '? 300 Kg', '2024-05-10 10:00', 'System', '2024-05-10 10:00', 'System', 0, 300),
  (353, 'G', 'G-01-01', '', '2024-05-10 10:00', 'System', '2024-05-10 10:00', 'System', 0, 500),
  (354, 'G', 'G-01-02', '', '2024-05-10 10:00', 'System', '2024-05-10 10:00', 'System', 0, 500),
  (355, 'G', 'G-01-03', '', '2024-05-10 10:00', 'System', '2024-05-10 10:00', 'System', 0, 500),
  (356, 'G', 'G-01-04', '', '2024-05-10 10:00', 'System', '2024-05-10 10:00', 'System', 0, 500),
  (357, 'G', 'G-02-01', '', '2024-05-10 10:00', 'System', '2024-05-10 10:00', 'System', 0, 500),
  (358, 'G', 'G-02-02', '', '2024-05-10 10:00', 'System', '2024-05-10 10:00', 'System', 0, 500),
  (359, 'G', 'G-02-03', '', '2024-05-10 10:00', 'System', '2024-05-10 10:00', 'System', 0, 500),
  (360, 'G', 'G-02-04', '', '2024-05-10 10:00', 'System', '2024-05-10 10:00', 'System', 0, 500),
  (361, 'G', 'G-03-01', '', '2024-05-10 10:00', 'System', '2024-05-10 10:00', 'System', 0, 500),
  (362, 'G', 'G-03-02', '', '2024-05-10 10:00', 'System', '2024-05-10 10:00', 'System', 0, 500),
  (363, 'G', 'G-03-03', '', '2024-05-10 10:00', 'System', '2024-05-10 10:00', 'System', 0, 500),
  (364, 'G', 'G-03-04', '', '2024-05-10 10:00', 'System', '2024-05-10 10:00', 'System', 0, 500),
  (365, 'G', 'G-04-01', '', '2024-05-10 10:00', 'System', '2024-05-10 10:00', 'System', 0, 500),
  (366, 'G', 'G-04-02', '', '2024-05-10 10:00', 'System', '2024-05-10 10:00', 'System', 0, 500),
  (367, 'G', 'G-04-03', '', '2024-05-10 10:00', 'System', '2024-05-10 10:00', 'System', 0, 500),
  (368, 'G', 'G-04-04', '', '2024-05-10 10:00', 'System', '2024-05-10 10:00', 'System', 0, 500),
  (369, 'G', 'G-05-01', '', '2024-05-10 10:00', 'System', '2024-05-10 10:00', 'System', 0, 500),
  (370, 'G', 'G-05-02', '', '2024-05-10 10:00', 'System', '2024-05-10 10:00', 'System', 0, 500),
  (371, 'G', 'G-05-03', '', '2024-05-10 10:00', 'System', '2024-05-10 10:00', 'System', 0, 500),
  (372, 'G', 'G-05-04', '', '2024-05-10 10:00', 'System', '2024-05-10 10:00', 'System', 0, 500),
  (373, 'H', 'H-01-01', '', '2024-05-10 10:00', 'System', '2024-05-10 10:00', 'System', 0, 500),
  (374, 'H', 'H-01-02', '', '2024-05-10 10:00', 'System', '2024-05-10 10:00', 'System', 0, 500),
  (375, 'H', 'H-01-03', '', '2024-05-10 10:00', 'System', '2024-05-10 10:00', 'System', 0, 500),
  (376, 'H', 'H-01-04', '', '2024-05-10 10:00', 'System', '2024-05-10 10:00', 'System', 0, 500),
  (377, 'H', 'H-02-01', '', '2024-05-10 10:00', 'System', '2024-05-10 10:00', 'System', 0, 500),
  (378, 'H', 'H-02-02', '', '2024-05-10 10:00', 'System', '2024-05-10 10:00', 'System', 0, 500),
  (379, 'H', 'H-02-03', '', '2024-05-10 10:00', 'System', '2024-05-10 10:00', 'System', 0, 500),
  (380, 'H', 'H-02-04', '', '2024-05-10 10:00', 'System', '2024-05-10 10:00', 'System', 0, 500),
  (381, 'H', 'H-03-01', '', '2024-05-10 10:00', 'System', '2024-05-10 10:00', 'System', 0, 500),
  (382, 'H', 'H-03-02', '', '2024-05-10 10:00', 'System', '2024-05-10 10:00', 'System', 0, 500),
  (383, 'H', 'H-03-03', '', '2024-05-10 10:00', 'System', '2024-05-10 10:00', 'System', 0, 500),
  (384, 'H', 'H-03-04', '', '2024-05-10 10:00', 'System', '2024-05-10 10:00', 'System', 0, 500),
  (385, 'H', 'H-04-01', '', '2024-05-10 10:00', 'System', '2024-05-10 10:00', 'System', 0, 500),
  (386, 'H', 'H-04-02', '', '2024-05-10 10:00', 'System', '2024-05-10 10:00', 'System', 0, 500),
  (387, 'H', 'H-04-03', '', '2024-05-10 10:00', 'System', '2024-05-10 10:00', 'System', 0, 500),
  (388, 'H', 'H-04-04', '', '2024-05-10 10:00', 'System', '2024-05-10 10:00', 'System', 0, 500),
  (389, 'H', 'H-05-01', '', '2024-05-10 10:00', 'System', '2024-05-10 10:00', 'System', 0, 500),
  (390, 'H', 'H-05-02', '', '2024-05-10 10:00', 'System', '2024-05-10 10:00', 'System', 0, 500),
  (391, 'H', 'H-05-03', '', '2024-05-10 10:00', 'System', '2024-05-10 10:00', 'System', 0, 500),
  (392, 'H', 'H-05-04', '', '2024-05-10 10:00', 'System', '2024-05-10 10:00', 'System', 0, 500),
  (393, 'I', 'I-01-01', '', '2024-05-10 10:00', 'System', '2024-05-10 10:00', 'System', 0, 500),
  (394, 'I', 'I-01-02', '', '2024-05-10 10:00', 'System', '2024-05-10 10:00', 'System', 0, 500),
  (395, 'I', 'I-01-03', '', '2024-05-10 10:00', 'System', '2024-05-10 10:00', 'System', 0, 500),
  (396, 'I', 'I-01-04', '', '2024-05-10 10:00', 'System', '2024-05-10 10:00', 'System', 0, 500),
  (397, 'I', 'I-02-01', '', '2024-05-10 10:00', 'System', '2024-05-10 10:00', 'System', 0, 500),
  (398, 'I', 'I-02-02', '', '2024-05-10 10:00', 'System', '2024-05-10 10:00', 'System', 0, 500),
  (399, 'I', 'I-02-03', '', '2024-05-10 10:00', 'System', '2024-05-10 10:00', 'System', 0, 500),
  (400, 'I', 'I-02-04', '', '2024-05-10 10:00', 'System', '2024-05-10 10:00', 'System', 0, 500),
  (401, 'I', 'I-03-01', '', '2024-05-10 10:00', 'System', '2024-05-10 10:00', 'System', 0, 500),
  (402, 'I', 'I-03-02', '', '2024-05-10 10:00', 'System', '2024-05-10 10:00', 'System', 0, 500),
  (403, 'I', 'I-03-03', '', '2024-05-10 10:00', 'System', '2024-05-10 10:00', 'System', 0, 500),
  (404, 'I', 'I-03-04', '', '2024-05-10 10:00', 'System', '2024-05-10 10:00', 'System', 0, 500),
  (405, 'I', 'I-04-01', '', '2024-05-10 10:00', 'System', '2024-05-10 10:00', 'System', 0, 500),
  (406, 'I', 'I-04-02', '', '2024-05-10 10:00', 'System', '2024-05-10 10:00', 'System', 0, 500),
  (407, 'I', 'I-04-03', '', '2024-05-10 10:00', 'System', '2024-05-10 10:00', 'System', 0, 500),
  (408, 'I', 'I-04-04', '', '2024-05-10 10:00', 'System', '2024-05-10 10:00', 'System', 0, 500),
  (409, 'I', 'I-05-01', '', '2024-05-10 10:00', 'System', '2024-05-10 10:00', 'System', 0, 500),
  (410, 'I', 'I-05-02', '', '2024-05-10 10:00', 'System', '2024-05-10 10:00', 'System', 0, 500),
  (411, 'I', 'I-05-03', '', '2024-05-10 10:00', 'System', '2024-05-10 10:00', 'System', 0, 500),
  (412, 'I', 'I-05-04', '', '2024-05-10 10:00', 'System', '2024-05-10 10:00', 'System', 0, 500),
  (413, 'J', 'J-01-01', '', '2024-05-10 10:00', 'System', '2024-05-10 10:00', 'System', 0, 500),
  (414, 'J', 'J-01-02', '', '2024-05-10 10:00', 'System', '2024-05-10 10:00', 'System', 0, 500),
  (415, 'J', 'J-01-03', '', '2024-05-10 10:00', 'System', '2024-05-10 10:00', 'System', 0, 500),
  (416, 'J', 'J-01-04', '', '2024-05-10 10:00', 'System', '2024-05-10 10:00', 'System', 0, 500),
  (417, 'J', 'J-02-01', '', '2024-05-10 10:00', 'System', '2024-05-10 10:00', 'System', 0, 500),
  (418, 'J', 'J-02-02', '', '2024-05-10 10:00', 'System', '2024-05-10 10:00', 'System', 0, 500),
  (419, 'J', 'J-02-03', '', '2024-05-10 10:00', 'System', '2024-05-10 10:00', 'System', 0, 500),
  (420, 'J', 'J-02-04', '', '2024-05-10 10:00', 'System', '2024-05-10 10:00', 'System', 0, 500),
  (421, 'J', 'J-03-01', '', '2024-05-10 10:00', 'System', '2024-05-10 10:00', 'System', 0, 500),
  (422, 'J', 'J-03-02', '', '2024-05-10 10:00', 'System', '2024-05-10 10:00', 'System', 0, 500),
  (423, 'J', 'J-03-03', '', '2024-05-10 10:00', 'System', '2024-05-10 10:00', 'System', 0, 500),
  (424, 'J', 'J-03-04', '', '2024-05-10 10:00', 'System', '2024-05-10 10:00', 'System', 0, 500),
  (425, 'J', 'J-04-01', '', '2024-05-10 10:00', 'System', '2024-05-10 10:00', 'System', 0, 500),
  (426, 'J', 'J-04-02', '', '2024-05-10 10:00', 'System', '2024-05-10 10:00', 'System', 0, 500),
  (427, 'J', 'J-04-03', '', '2024-05-10 10:00', 'System', '2024-05-10 10:00', 'System', 0, 500),
  (428, 'J', 'J-04-04', '', '2024-05-10 10:00', 'System', '2024-05-10 10:00', 'System', 0, 500),
  (429, 'J', 'J-05-01', '', '2024-05-10 10:00', 'System', '2024-05-10 10:00', 'System', 0, 500),
  (430, 'J', 'J-05-02', '', '2024-05-10 10:00', 'System', '2024-05-10 10:00', 'System', 0, 500),
  (431, 'J', 'J-05-03', '', '2024-05-10 10:00', 'System', '2024-05-10 10:00', 'System', 0, 500),
  (432, 'J', 'J-05-04', '', '2024-05-10 10:00', 'System', '2024-05-10 10:00', 'System', 0, 500),
  (433, 'K', 'K-01-01', '', '2024-05-10 10:00', 'System', '2024-05-10 10:00', 'System', 0, 500),
  (434, 'K', 'K-01-02', '', '2024-05-10 10:00', 'System', '2024-05-10 10:00', 'System', 0, 500),
  (435, 'K', 'K-01-03', '', '2024-05-10 10:00', 'System', '2024-05-10 10:00', 'System', 0, 500),
  (436, 'K', 'K-01-04', '', '2024-05-10 10:00', 'System', '2024-05-10 10:00', 'System', 0, 500),
  (437, 'K', 'K-02-01', '', '2024-05-10 10:00', 'System', '2024-05-10 10:00', 'System', 0, 500),
  (438, 'K', 'K-02-02', '', '2024-05-10 10:00', 'System', '2024-05-10 10:00', 'System', 0, 500),
  (439, 'K', 'K-02-03', '', '2024-05-10 10:00', 'System', '2024-05-10 10:00', 'System', 0, 500),
  (440, 'K', 'K-02-04', '', '2024-05-10 10:00', 'System', '2024-05-10 10:00', 'System', 0, 500),
  (441, 'K', 'K-03-01', '', '2024-05-10 10:00', 'System', '2024-05-10 10:00', 'System', 0, 500),
  (442, 'K', 'K-03-02', '', '2024-05-10 10:00', 'System', '2024-05-10 10:00', 'System', 0, 500),
  (443, 'K', 'K-03-03', '', '2024-05-10 10:00', 'System', '2024-05-10 10:00', 'System', 0, 500),
  (444, 'K', 'K-03-04', '', '2024-05-10 10:00', 'System', '2024-05-10 10:00', 'System', 0, 500),
  (445, 'K', 'K-04-01', '', '2024-05-10 10:00', 'System', '2024-05-10 10:00', 'System', 0, 500),
  (446, 'K', 'K-04-02', '', '2024-05-10 10:00', 'System', '2024-05-10 10:00', 'System', 0, 500),
  (447, 'K', 'K-04-03', '', '2024-05-10 10:00', 'System', '2024-05-10 10:00', 'System', 0, 500),
  (448, 'K', 'K-04-04', '', '2024-05-10 10:00', 'System', '2024-05-10 10:00', 'System', 0, 500),
  (449, 'K', 'K-05-01', '', '2024-05-10 10:00', 'System', '2024-05-10 10:00', 'System', 0, 500),
  (450, 'K', 'K-05-02', '', '2024-05-10 10:00', 'System', '2024-05-10 10:00', 'System', 0, 500),
  (451, 'K', 'K-05-03', '', '2024-05-10 10:00', 'System', '2024-05-10 10:00', 'System', 0, 500),
  (452, 'K', 'K-05-04', '', '2024-05-10 10:00', 'System', '2024-05-10 10:00', 'System', 0, 500),
  (453, 'Receiving', 'REC-01', '', '2024-05-10 10:00', 'System', '2024-05-10 10:00', 'System', 0, 500),
  (454, 'Gangway area', 'GW A-B', '', '2024-05-10 10:00', 'System', '2024-05-10 10:00', 'System', 0, 500),
  (455, 'Gangway area', 'GW C-D', '', '2024-05-10 10:00', 'System', '2024-05-10 10:00', 'System', 0, 500),
  (456, 'Gangway area', 'GW E-F', '', '2024-05-10 10:00', 'System', '2024-05-10 10:00', 'System', 0, 500),
  (457, 'KITTING AREA', 'DAY-1', '', '2024-05-10 10:00', 'System', '2024-05-10 10:00', 'System', 0, 500),
  (458, 'KITTING AREA', 'D-DAY', '', '2024-05-10 10:00', 'System', '2024-05-10 10:00', 'System', 0, 500),
  (459, 'CHEMICAL CHOLD STORAGE', 'CHEM COLD-01', '', '2024-05-10 10:00', 'System', '2024-05-10 10:00', 'System', 0, 500),
  (460, 'CHEMICAL AREA 1', 'CHEM-01', '', '2024-05-10 10:00', 'System', '2024-05-10 10:00', 'System', 0, 500),
  (461, 'RETURN AREA', 'RET-01', '', '2024-05-10 10:00', 'System', '2024-05-10 10:00', 'System', 0, 500),
  (462, 'QUALITY AREA', 'QUAR-01', '', '2024-05-10 10:00', 'System', '2024-05-10 10:00', 'System', 0, 500),
  (463, 'QUALITY AREA', 'INTR-01', '', '2024-05-10 10:00', 'System', '2024-05-10 10:00', 'System', 0, 500),
  (464, 'QUALITY AREA', 'SORT-01', '', '2024-05-10 10:00', 'System', '2024-05-10 10:00', 'System', 0, 500);



--
-- Indexes for table `box`
--
ALTER TABLE `box`
  ADD PRIMARY KEY (`id`);

--
-- Indexes for table `box_detail`
--
ALTER TABLE `box_detail`
  ADD PRIMARY KEY (`id_box_detail`);

--
-- Indexes for table `list_storage`
--
ALTER TABLE `list_storage`
  ADD PRIMARY KEY (`id`);

--
-- Indexes for table `receiving_material`
--
ALTER TABLE `receiving_material`
  ADD PRIMARY KEY (`id`);

--
-- Indexes for table `receiving_material_temp`
--
ALTER TABLE `receiving_material_temp`
  ADD PRIMARY KEY (`id`);

--
-- AUTO_INCREMENT for table `bom`
--
ALTER TABLE `bom`
  MODIFY `Id_bom` int NOT NULL AUTO_INCREMENT, AUTO_INCREMENT=6357;

--
-- AUTO_INCREMENT for table `box`
--
ALTER TABLE `box`
  MODIFY `id` int NOT NULL AUTO_INCREMENT, AUTO_INCREMENT=46;

--
-- AUTO_INCREMENT for table `box_detail`
--
ALTER TABLE `box_detail`
  MODIFY `id_box_detail` int NOT NULL AUTO_INCREMENT, AUTO_INCREMENT=117;

--
-- AUTO_INCREMENT for table `list_storage`
--
ALTER TABLE `list_storage`
  MODIFY `id` int NOT NULL AUTO_INCREMENT, AUTO_INCREMENT=134;

--
-- AUTO_INCREMENT for table `receiving_material`
--
ALTER TABLE `receiving_material`
  MODIFY `id` int NOT NULL AUTO_INCREMENT, AUTO_INCREMENT=117;

--
-- AUTO_INCREMENT for table `receiving_material_temp`
--
ALTER TABLE `receiving_material_temp`
  MODIFY `id` int NOT NULL AUTO_INCREMENT, AUTO_INCREMENT=60;

/*!40101 SET CHARACTER_SET_CLIENT=@OLD_CHARACTER_SET_CLIENT */;
/*!40101 SET CHARACTER_SET_RESULTS=@OLD_CHARACTER_SET_RESULTS */;
/*!40101 SET COLLATION_CONNECTION=@OLD_COLLATION_CONNECTION */;